{"precision":{"glioma":0.9735099338,"meningioma":0.9675324675,"notumor":1.0,"pituitary":0.9866666667,"accuracy":0.9832317073,"macro avg":0.981927267,"weighted avg":0.9833215817},"recall":{"glioma":0.98,"meningioma":0.9738562092,"notumor":0.9901477833,"pituitary":0.9866666667,"accuracy":0.9832317073,"macro avg":0.9826676648,"weighted avg":0.9832317073},"f1-score":{"glioma":0.976744186,"meningioma":0.9706840391,"notumor":0.995049505,"pituitary":0.9866666667,"accuracy":0.9832317073,"macro avg":0.9822860992,"weighted avg":0.9832642308},"support":{"glioma":150.0,"meningioma":153.0,"notumor":203.0,"pituitary":150.0,"accuracy":0.9832317073,"macro avg":656.0,"weighted avg":656.0}}