{
    "tr_acc": [
        0.8165265917778015,
        0.9313725233078003,
        0.9609593749046326,
        0.9784663915634155,
        0.9751400351524353,
        0.9725140333175659,
        0.9835433959960938,
        0.9782913327217102,
        0.9793417453765869,
        0.9861694574356079,
        0.9901960492134094,
        0.9919467568397522,
        0.9926470518112183,
        0.9935224056243896,
        0.9935224056243896,
        0.994397759437561,
        0.9985994100570679,
        0.9980742335319519,
        0.9973739385604858,
        0.9912465214729309
    ],
    "tr_loss": [
        6.023202419281006,
        2.8412537574768066,
        1.4438390731811523,
        0.7644872069358826,
        0.4801064431667328,
        0.36699002981185913,
        0.26628682017326355,
        0.2602255344390869,
        0.21626242995262146,
        0.19372889399528503,
        0.16654573380947113,
        0.1527647078037262,
        0.14306075870990753,
        0.1365273892879486,
        0.12946204841136932,
        0.1221613958477974,
        0.10145017504692078,
        0.09861642867326736,
        0.09650938212871552,
        0.11554098129272461
    ],
    "tr_per": [
        0.845660388469696,
        0.944969117641449,
        0.9681438207626343,
        0.9823071360588074,
        0.9799929261207581,
        0.9759334921836853,
        0.9869442582130432,
        0.9828561544418335,
        0.9823695421218872,
        0.9894217252731323,
        0.9924442172050476,
        0.9933204650878906,
        0.9942033886909485,
        0.9943850040435791,
        0.9942095279693604,
        0.9949140548706055,
        0.9987727999687195,
        0.9985979795455933,
        0.9982468485832214,
        0.9926238059997559
    ],
    "tr_recall": [
        0.7846638560295105,
        0.9108893275260925,
        0.9523809552192688,
        0.9719887971878052,
        0.9690126180648804,
        0.9655112028121948,
        0.9793417453765869,
        0.9735644459724426,
        0.9754902124404907,
        0.982492983341217,
        0.9887955188751221,
        0.9893207550048828,
        0.9908963441848755,
        0.9921218752861023,
        0.9919467568397522,
        0.993172287940979,
        0.9973739385604858,
        0.9975489974021912,
        0.9968487620353699,
        0.9894958138465881
    ],
    "val_acc": [
        0.8656488656997681,
        0.9083969593048096,
        0.9862595200538635,
        0.9694656729698181,
        0.9694656729698181,
        0.9648854732513428,
        0.970992386341095,
        0.9832060933113098,
        0.9404579997062683,
        0.981679379940033,
        0.9954198598861694,
        0.9877862334251404,
        0.9786259531974792,
        0.989313006401062,
        0.9770992398262024,
        0.9877862334251404,
        0.9908397197723389,
        0.9938931465148926,
        0.9740458130836487,
        0.9862595200538635
    ],
    "val_loss": [
        4.061985492706299,
        2.038862705230713,
        0.9714787602424622,
        0.5824794173240662,
        0.42610687017440796,
        0.3303050994873047,
        0.27560174465179443,
        0.22177132964134216,
        0.28342553973197937,
        0.1921752393245697,
        0.14250566065311432,
        0.15463538467884064,
        0.20236273109912872,
        0.13787485659122467,
        0.17473605275154114,
        0.14023780822753906,
        0.10925202071666718,
        0.09941094368696213,
        0.1657363474369049,
        0.12441635876893997
    ],
    "val_per": [
        0.9067357778549194,
        0.9213836193084717,
        0.989230751991272,
        0.9709035158157349,
        0.9723076820373535,
        0.9663093686103821,
        0.9813953638076782,
        0.9861963391304016,
        0.9533436894416809,
        0.9831029176712036,
        0.9954198598861694,
        0.9877862334251404,
        0.9800918698310852,
        0.9892966151237488,
        0.9770641922950745,
        0.9907692074775696,
        0.9923547506332397,
        0.9938837885856628,
        0.9769938588142395,
        0.9877488613128662
    ],
    "val_recall": [
        0.8015267252922058,
        0.8946564793586731,
        0.981679379940033,
        0.9679389595985413,
        0.9648854732513428,
        0.9633587598800659,
        0.9664121866226196,
        0.981679379940033,
        0.9358778595924377,
        0.9770992398262024,
        0.9954198598861694,
        0.9877862334251404,
        0.9770992398262024,
        0.9877862334251404,
        0.9755725264549255,
        0.9832060933113098,
        0.9908397197723389,
        0.9923664331436157,
        0.9725190997123718,
        0.9847328066825867
    ],
    "index_loss": 17,
    "val_lowest": 0.09941094368696213,
    "index_acc": 10,
    "acc_highest": 0.9954198598861694,
    "index_precision": 10,
    "per_highest": 0.9954198598861694,
    "index_recall": 10,
    "recall_highest": 0.9954198598861694,
    "Epochs": [
        1,
        2,
        3,
        4,
        5,
        6,
        7,
        8,
        9,
        10,
        11,
        12,
        13,
        14,
        15,
        16,
        17,
        18,
        19,
        20
    ],
    "loss_label": "Best epoch = 18",
    "acc_label": "Best epoch = 11",
    "per_label": "Best epoch = 11",
    "recall_label": "Best epoch = 11"
}