{"precision":{"glioma":0.979020979,"meningioma":0.9527027027,"notumor":0.9902439024,"pituitary":0.93125,"accuracy":0.9649390244,"macro avg":0.963304396,"weighted avg":0.9654324277},"recall":{"glioma":0.9333333333,"meningioma":0.9215686275,"notumor":1.0,"pituitary":0.9933333333,"accuracy":0.9649390244,"macro avg":0.9620588235,"weighted avg":0.9649390244},"f1-score":{"glioma":0.9556313993,"meningioma":0.9368770764,"notumor":0.9950980392,"pituitary":0.9612903226,"accuracy":0.9649390244,"macro avg":0.9622242094,"weighted avg":0.9647642575},"support":{"glioma":150.0,"meningioma":153.0,"notumor":203.0,"pituitary":150.0,"accuracy":0.9649390244,"macro avg":656.0,"weighted avg":656.0}}