{"precision":{"glioma":1.0,"meningioma":0.961038961,"notumor":1.0,"pituitary":1.0,"accuracy":0.9908536585,"macro avg":0.9902597403,"weighted avg":0.9912100095},"recall":{"glioma":0.9798657718,"meningioma":1.0,"notumor":1.0,"pituitary":0.9801324503,"accuracy":0.9908536585,"macro avg":0.9899995555,"weighted avg":0.9908536585},"f1-score":{"glioma":0.9898305085,"meningioma":0.9801324503,"notumor":1.0,"pituitary":0.9899665552,"accuracy":0.9908536585,"macro avg":0.9899823785,"weighted avg":0.9908983205},"support":{"glioma":149.0,"meningioma":148.0,"notumor":208.0,"pituitary":151.0,"accuracy":0.9908536585,"macro avg":656.0,"weighted avg":656.0}}