{"precision":{"glioma":0.9673202614,"meningioma":0.9798657718,"notumor":1.0,"pituitary":0.9802631579,"accuracy":0.9832317073,"macro avg":0.9818622978,"weighted avg":0.983318561},"recall":{"glioma":0.9866666667,"meningioma":0.954248366,"notumor":0.9950738916,"pituitary":0.9933333333,"accuracy":0.9832317073,"macro avg":0.9823305644,"weighted avg":0.9832317073},"f1-score":{"glioma":0.9768976898,"meningioma":0.9668874172,"notumor":0.9975308642,"pituitary":0.9867549669,"accuracy":0.9832317073,"macro avg":0.9820177345,"weighted avg":0.9832018884},"support":{"glioma":150.0,"meningioma":153.0,"notumor":203.0,"pituitary":150.0,"accuracy":0.9832317073,"macro avg":656.0,"weighted avg":656.0}}