{
    "tr_acc": [
        0.44800421595573425,
        0.4432772994041443,
        0.45780813694000244,
        0.45080533623695374,
        0.45395657420158386,
        0.462184876203537,
        0.5857843160629272,
        0.6642156839370728,
        0.6764705777168274,
        0.6978291273117065,
        0.7902660965919495,
        0.824404776096344,
        0.8328081369400024,
        0.8639705777168274,
        0.8783263564109802,
        0.8863795399665833,
        0.8977590799331665,
        0.9045868515968323,
        0.899334728717804,
        0.8986344337463379
    ],
    "tr_loss": [
        7.13368558883667,
        3.367166042327881,
        2.046358585357666,
        1.4701873064041138,
        1.2614593505859375,
        1.160245656967163,
        1.070605754852295,
        1.0251445770263672,
        0.9701675772666931,
        0.9165759086608887,
        0.8170220851898193,
        0.7465997338294983,
        0.6803303956985474,
        0.6330914497375488,
        0.6026879549026489,
        0.565891444683075,
        0.5311638116836548,
        0.5047205090522766,
        0.4895007908344269,
        0.4792967736721039
    ],
    "tr_per": [
        0.7463312149047852,
        0.9661733508110046,
        0.9521016478538513,
        0.9554973840713501,
        0.9668700695037842,
        0.9637784361839294,
        0.9632983803749084,
        0.9565406441688538,
        0.9675945043563843,
        0.9680893421173096,
        0.9627329111099243,
        0.9572589993476868,
        0.9704390168190002,
        0.978017270565033,
        0.9770554304122925,
        0.9874973297119141,
        0.9877313375473022,
        0.9919271469116211,
        0.992759644985199,
        0.9956140518188477
    ],
    "tr_recall": [
        0.06232492998242378,
        0.08000700175762177,
        0.1705182045698166,
        0.19170168042182922,
        0.19415266811847687,
        0.23757003247737885,
        0.35381653904914856,
        0.38532912731170654,
        0.4077380895614624,
        0.42489495873451233,
        0.6241246461868286,
        0.7214635610580444,
        0.7701330780982971,
        0.7944678068161011,
        0.8051470518112183,
        0.8158263564109802,
        0.8315826058387756,
        0.8389355540275574,
        0.8401610851287842,
        0.8345588445663452
    ],
    "val_acc": [
        0.33893129229545593,
        0.512977123260498,
        0.5190839767456055,
        0.5450381636619568,
        0.5374045968055725,
        0.5389313101768494,
        0.7603053450584412,
        0.761832058429718,
        0.7267175316810608,
        0.8076335787773132,
        0.8625954389572144,
        0.903816819190979,
        0.9526717662811279,
        0.7770992517471313,
        0.9694656729698181,
        0.9022901058197021,
        0.9664121866226196,
        0.9877862334251404,
        0.989313006401062,
        0.9877862334251404
    ],
    "val_loss": [
        4.511297225952148,
        2.865875482559204,
        1.9962278604507446,
        1.4453320503234863,
        1.2006986141204834,
        1.0740007162094116,
        0.932333767414093,
        0.9796663522720337,
        0.8612666130065918,
        1.009999394416809,
        0.7972576022148132,
        0.9010874032974243,
        0.5471941828727722,
        0.9079133868217468,
        0.4463689923286438,
        0.5597192645072937,
        0.44019782543182373,
        0.35560116171836853,
        0.3149782121181488,
        0.32052329182624817
    ],
    "val_per": [
        0.5714285969734192,
        0.8730964660644531,
        0.8368200659751892,
        0.9036697149276733,
        0.9433962106704712,
        0.9735682606697083,
        0.9678362607955933,
        0.9778481125831604,
        0.9743589758872986,
        0.9383378028869629,
        0.9119850397109985,
        0.9658886790275574,
        0.9661290049552917,
        0.8162251710891724,
        0.9841521382331848,
        0.9199371933937073,
        0.9810126423835754,
        0.9907692074775696,
        0.9938367009162903,
        0.9938367009162903
    ],
    "val_recall": [
        0.006106870248913765,
        0.26259541511535645,
        0.30534350872039795,
        0.3007633686065674,
        0.30534350872039795,
        0.3374045789241791,
        0.505343496799469,
        0.471755713224411,
        0.5221374034881592,
        0.5343511700630188,
        0.743511438369751,
        0.8213740587234497,
        0.914503812789917,
        0.7526717782020569,
        0.9480916261672974,
        0.8946564793586731,
        0.9465649127960205,
        0.9832060933113098,
        0.9847328066825867,
        0.9847328066825867
    ],
    "index_loss": 18,
    "val_lowest": 0.3149782121181488,
    "index_acc": 18,
    "acc_highest": 0.989313006401062,
    "index_precision": 18,
    "per_highest": 0.9938367009162903,
    "index_recall": 18,
    "recall_highest": 0.9847328066825867,
    "Epochs": [
        1,
        2,
        3,
        4,
        5,
        6,
        7,
        8,
        9,
        10,
        11,
        12,
        13,
        14,
        15,
        16,
        17,
        18,
        19,
        20
    ],
    "loss_label": "Best epoch = 19",
    "acc_label": "Best epoch = 19",
    "per_label": "Best epoch = 19",
    "recall_label": "Best epoch = 19"
}