{"precision":{"glioma":0.9865771812,"meningioma":0.9791666667,"notumor":0.9902439024,"pituitary":0.9430379747,"accuracy":0.9756097561,"macro avg":0.9747564312,"weighted avg":0.9760278744},"recall":{"glioma":0.98,"meningioma":0.9215686275,"notumor":1.0,"pituitary":0.9933333333,"accuracy":0.9756097561,"macro avg":0.9737254902,"weighted avg":0.9756097561},"f1-score":{"glioma":0.983277592,"meningioma":0.9494949495,"notumor":0.9950980392,"pituitary":0.9675324675,"accuracy":0.9756097561,"macro avg":0.9738507621,"weighted avg":0.9754560033},"support":{"glioma":150.0,"meningioma":153.0,"notumor":203.0,"pituitary":150.0,"accuracy":0.9756097561,"macro avg":656.0,"weighted avg":656.0}}