{"precision":{"glioma":0.0,"meningioma":0.0,"notumor":0.0,"pituitary":0.286259542,"accuracy":0.2286585366,"macro avg":0.0715648855,"weighted avg":0.065455688},"recall":{"glioma":0.0,"meningioma":0.0,"notumor":0.0,"pituitary":1.0,"accuracy":0.2286585366,"macro avg":0.25,"weighted avg":0.2286585366},"f1-score":{"glioma":0.0,"meningioma":0.0,"notumor":0.0,"pituitary":0.4451038576,"accuracy":0.2286585366,"macro avg":0.1112759644,"weighted avg":0.1017767967},"support":{"glioma":150.0,"meningioma":153.0,"notumor":203.0,"pituitary":150.0,"accuracy":0.2286585366,"macro avg":656.0,"weighted avg":656.0}}