{"precision":{"glioma":1.0,"meningioma":0.9735099338,"notumor":1.0,"pituitary":0.9933774834,"accuracy":0.9923780488,"macro avg":0.9917218543,"weighted avg":0.9924991924},"recall":{"glioma":0.9798657718,"meningioma":0.9932432432,"notumor":1.0,"pituitary":0.9933774834,"accuracy":0.9923780488,"macro avg":0.9916216246,"weighted avg":0.9923780488},"f1-score":{"glioma":0.9898305085,"meningioma":0.983277592,"notumor":1.0,"pituitary":0.9933774834,"accuracy":0.9923780488,"macro avg":0.991621396,"weighted avg":0.9923930326},"support":{"glioma":149.0,"meningioma":148.0,"notumor":208.0,"pituitary":151.0,"accuracy":0.9923780488,"macro avg":656.0,"weighted avg":656.0}}