{"precision":{"glioma":1.0,"meningioma":0.9932432432,"notumor":1.0,"pituitary":0.9933774834,"accuracy":0.9969512195,"macro avg":0.9966551817,"weighted avg":0.9969512195},"recall":{"glioma":1.0,"meningioma":0.9932432432,"notumor":1.0,"pituitary":0.9933774834,"accuracy":0.9969512195,"macro avg":0.9966551817,"weighted avg":0.9969512195},"f1-score":{"glioma":1.0,"meningioma":0.9932432432,"notumor":1.0,"pituitary":0.9933774834,"accuracy":0.9969512195,"macro avg":0.9966551817,"weighted avg":0.9969512195},"support":{"glioma":149.0,"meningioma":148.0,"notumor":208.0,"pituitary":151.0,"accuracy":0.9969512195,"macro avg":656.0,"weighted avg":656.0}}