{"precision":{"glioma":0.961038961,"meningioma":0.9862068966,"notumor":0.9950980392,"pituitary":0.9738562092,"accuracy":0.9801829268,"macro avg":0.9790500265,"weighted avg":0.9803793181},"recall":{"glioma":0.9866666667,"meningioma":0.9346405229,"notumor":1.0,"pituitary":0.9933333333,"accuracy":0.9801829268,"macro avg":0.9786601307,"weighted avg":0.9801829268},"f1-score":{"glioma":0.9736842105,"meningioma":0.9597315436,"notumor":0.9975429975,"pituitary":0.9834983498,"accuracy":0.9801829268,"macro avg":0.9786142754,"weighted avg":0.9800572237},"support":{"glioma":150.0,"meningioma":153.0,"notumor":203.0,"pituitary":150.0,"accuracy":0.9801829268,"macro avg":656.0,"weighted avg":656.0}}