{
    "tr_acc": [
        0.6136204600334167,
        0.8476890921592712,
        0.9133403301239014,
        0.955707311630249,
        0.9702380895614624,
        0.9753151535987854,
        0.9782913327217102,
        0.9873949289321899,
        0.9809173941612244,
        0.9772409200668335,
        0.9877451062202454,
        0.9849439859390259,
        0.98757004737854,
        0.9837185144424438,
        0.9859943985939026,
        0.9851190447807312,
        0.98757004737854,
        0.986869752407074,
        0.986869752407074,
        0.9928221106529236,
        0.9915966391563416,
        0.9877451062202454,
        0.9840686321258545,
        0.9910714030265808,
        0.9856442809104919,
        0.9886204600334167,
        0.9942227005958557,
        0.9991246461868286,
        0.981792688369751,
        0.9908963441848755
    ],
    "tr_loss": [
        1.25724458694458,
        0.8860791921615601,
        0.7819619178771973,
        0.7084253430366516,
        0.6776184439659119,
        0.6615681648254395,
        0.6535768508911133,
        0.6408583521842957,
        0.6464781165122986,
        0.6484258770942688,
        0.6287994980812073,
        0.6326704621315002,
        0.6288592219352722,
        0.633898138999939,
        0.6287367343902588,
        0.6326944231987,
        0.6273829936981201,
        0.625525176525116,
        0.6268843412399292,
        0.6154084801673889,
        0.6176942586898804,
        0.6242162585258484,
        0.6293376684188843,
        0.6167395710945129,
        0.6233819127082825,
        0.6207044124603271,
        0.6114445924758911,
        0.6042284369468689,
        0.6327412724494934,
        0.6178011298179626
    ],
    "tr_per": [
        0.6845576763153076,
        0.8955018520355225,
        0.9370774030685425,
        0.969591498374939,
        0.9779253602027893,
        0.9826909303665161,
        0.9829303026199341,
        0.9902724027633667,
        0.983583390712738,
        0.9808951020240784,
        0.9897994995117188,
        0.9873239398002625,
        0.9892681241035461,
        0.9855836629867554,
        0.988212525844574,
        0.9866315126419067,
        0.9890979528427124,
        0.9880428910255432,
        0.9892681241035461,
        0.9935064911842346,
        0.9926303029060364,
        0.9891036748886108,
        0.986108660697937,
        0.9912388324737549,
        0.9889201521873474,
        0.990158200263977,
        0.9954394102096558,
        0.999123752117157,
        0.9831045269966125,
        0.991581916809082
    ],
    "tr_recall": [
        0.5269607901573181,
        0.7981442809104919,
        0.8734243512153625,
        0.9266456365585327,
        0.9539566040039062,
        0.9641106724739075,
        0.9677870869636536,
        0.9802170991897583,
        0.9754902124404907,
        0.9707633256912231,
        0.9852941036224365,
        0.981792688369751,
        0.9844187498092651,
        0.9814425706863403,
        0.9833683371543884,
        0.9819678068161011,
        0.9847689270973206,
        0.9837185144424438,
        0.9844187498092651,
        0.9910714030265808,
        0.9903711676597595,
        0.9852941036224365,
        0.981792688369751,
        0.9903711676597595,
        0.9844187498092651,
        0.9863445162773132,
        0.9935224056243896,
        0.9980742335319519,
        0.9779411554336548,
        0.9898459315299988
    ],
    "val_acc": [
        0.7893129587173462,
        0.9129770994186401,
        0.9206106662750244,
        0.9587786197662354,
        0.9801526665687561,
        0.970992386341095,
        0.9847328066825867,
        0.989313006401062,
        0.9786259531974792,
        0.9664121866226196,
        0.9862595200538635,
        0.970992386341095,
        0.9740458130836487,
        0.9496183395385742,
        0.9770992398262024,
        0.9648854732513428,
        0.9679389595985413,
        0.8839694857597351,
        0.9862595200538635,
        0.9847328066825867,
        0.981679379940033,
        0.9694656729698181,
        0.9618320465087891,
        0.9603053331375122,
        0.943511426448822,
        0.9877862334251404,
        0.981679379940033,
        0.9526717662811279,
        0.9786259531974792,
        0.9786259531974792
    ],
    "val_loss": [
        1.0488824844360352,
        0.8363123536109924,
        0.7714175581932068,
        0.6803523898124695,
        0.6363632082939148,
        0.6449300050735474,
        0.6226220726966858,
        0.6185399293899536,
        0.6310009956359863,
        0.6423020362854004,
        0.609798014163971,
        0.6349173784255981,
        0.6288973689079285,
        0.6612825393676758,
        0.6250124573707581,
        0.6410086750984192,
        0.6324591040611267,
        0.8058953285217285,
        0.604767382144928,
        0.614740252494812,
        0.6193452477455139,
        0.6373797655105591,
        0.6529303193092346,
        0.6565390825271606,
        0.685835063457489,
        0.6088981032371521,
        0.6184245347976685,
        0.6765384078025818,
        0.6216609477996826,
        0.6262141466140747
    ],
    "val_per": [
        0.8311036825180054,
        0.938511312007904,
        0.9340659379959106,
        0.9646154046058655,
        0.9815950989723206,
        0.970992386341095,
        0.9861963391304016,
        0.9892638325691223,
        0.9815950989723206,
        0.97364342212677,
        0.987730085849762,
        0.9753086566925049,
        0.9769938588142395,
        0.9580745100975037,
        0.9785932898521423,
        0.964777946472168,
        0.9709035158157349,
        0.8888888955116272,
        0.9862595200538635,
        0.9877111911773682,
        0.9846860766410828,
        0.9709035158157349,
        0.9631901979446411,
        0.9601227045059204,
        0.9476116895675659,
        0.9877675771713257,
        0.9846625924110413,
        0.9525994062423706,
        0.9801223278045654,
        0.9816232919692993
    ],
    "val_recall": [
        0.7587786316871643,
        0.885496199131012,
        0.9083969593048096,
        0.9572519063949585,
        0.9770992398262024,
        0.970992386341095,
        0.981679379940033,
        0.9847328066825867,
        0.9770992398262024,
        0.9587786197662354,
        0.9832060933113098,
        0.9648854732513428,
        0.9725190997123718,
        0.9419847130775452,
        0.9770992398262024,
        0.9618320465087891,
        0.9679389595985413,
        0.8793892860412598,
        0.9862595200538635,
        0.981679379940033,
        0.981679379940033,
        0.9679389595985413,
        0.9587786197662354,
        0.9557251930236816,
        0.9389312863349915,
        0.9862595200538635,
        0.9801526665687561,
        0.9511450529098511,
        0.9786259531974792,
        0.9786259531974792
    ],
    "index_loss": 18,
    "val_lowest": 0.604767382144928,
    "index_acc": 7,
    "acc_highest": 0.989313006401062,
    "index_precision": 7,
    "per_highest": 0.9892638325691223,
    "index_recall": 18,
    "recall_highest": 0.9862595200538635,
    "Epochs": [
        1,
        2,
        3,
        4,
        5,
        6,
        7,
        8,
        9,
        10,
        11,
        12,
        13,
        14,
        15,
        16,
        17,
        18,
        19,
        20,
        21,
        22,
        23,
        24,
        25,
        26,
        27,
        28,
        29,
        30
    ],
    "loss_label": "Best epoch = 19",
    "acc_label": "Best epoch = 8",
    "per_label": "Best epoch = 8",
    "recall_label": "Best epoch = 19"
}