{"precision":{"glioma":0.9867549669,"meningioma":0.987804878,"notumor":1.0,"pituitary":1.0,"accuracy":0.993902439,"macro avg":0.9936399612,"weighted avg":0.993902439},"recall":{"glioma":0.9867549669,"meningioma":0.987804878,"notumor":1.0,"pituitary":1.0,"accuracy":0.993902439,"macro avg":0.9936399612,"weighted avg":0.993902439},"f1-score":{"glioma":0.9867549669,"meningioma":0.987804878,"notumor":1.0,"pituitary":1.0,"accuracy":0.993902439,"macro avg":0.9936399612,"weighted avg":0.993902439},"support":{"glioma":151.0,"meningioma":164.0,"notumor":192.0,"pituitary":149.0,"accuracy":0.993902439,"macro avg":656.0,"weighted avg":656.0}}