{"precision":{"glioma":1.0,"meningioma":0.98,"notumor":1.0,"pituitary":0.9933774834,"accuracy":0.993902439,"macro avg":0.9933443709,"weighted avg":0.9939634146},"recall":{"glioma":0.9865771812,"meningioma":0.9932432432,"notumor":1.0,"pituitary":0.9933774834,"accuracy":0.993902439,"macro avg":0.993299477,"weighted avg":0.993902439},"f1-score":{"glioma":0.9932432432,"meningioma":0.9865771812,"notumor":1.0,"pituitary":0.9933774834,"accuracy":0.993902439,"macro avg":0.993299477,"weighted avg":0.9939126007},"support":{"glioma":149.0,"meningioma":148.0,"notumor":208.0,"pituitary":151.0,"accuracy":0.993902439,"macro avg":656.0,"weighted avg":656.0}}