{
    "tr_acc": [
        0.4651610553264618,
        0.49842438101768494,
        0.5029761791229248,
        0.5028011202812195,
        0.5070028305053711,
        0.5122548937797546,
        0.5141806602478027,
        0.5136554837226868,
        0.5712534785270691,
        0.655637264251709,
        0.6600140333175659,
        0.6773459315299988,
        0.686274528503418,
        0.6878501176834106,
        0.6910014152526855,
        0.6917017102241516,
        0.7001050710678101,
        0.6845238208770752,
        0.6904761791229248,
        0.706232488155365
    ],
    "tr_loss": [
        4.151618957519531,
        2.0035674571990967,
        1.4417413473129272,
        1.2556486129760742,
        1.1904056072235107,
        1.1633278131484985,
        1.1407972574234009,
        1.1094437837600708,
        1.0772230625152588,
        1.0442370176315308,
        1.018066644668579,
        0.9894304871559143,
        0.9599248766899109,
        0.9468413591384888,
        0.9390857219696045,
        0.9252634644508362,
        0.9061733484268188,
        0.9193369746208191,
        0.8996304869651794,
        0.873394250869751
    ],
    "tr_per": [
        0.9218390583992004,
        0.941717803478241,
        0.927288293838501,
        0.9319620132446289,
        0.9267371892929077,
        0.9333832263946533,
        0.9418262243270874,
        0.9412587285041809,
        0.9199573397636414,
        0.9273422360420227,
        0.9156521558761597,
        0.9179916381835938,
        0.9196180105209351,
        0.9215922951698303,
        0.9143081903457642,
        0.9188118577003479,
        0.9138321876525879,
        0.9182289838790894,
        0.9224103689193726,
        0.9196226596832275
    ],
    "tr_recall": [
        0.07020308077335358,
        0.16123948991298676,
        0.18977591395378113,
        0.206232488155365,
        0.21481092274188995,
        0.2183123230934143,
        0.22391456365585327,
        0.23564425110816956,
        0.3018207252025604,
        0.33963584899902344,
        0.36869746446609497,
        0.3841036558151245,
        0.4045868217945099,
        0.40126049518585205,
        0.40721288323402405,
        0.40616247057914734,
        0.42331933975219727,
        0.4030112028121948,
        0.41001400351524353,
        0.4266456663608551
    ],
    "val_acc": [
        0.30839693546295166,
        0.30839693546295166,
        0.22900763154029846,
        0.22900763154029846,
        0.39694657921791077,
        0.22900763154029846,
        0.30839693546295166,
        0.31450381875038147,
        0.36488550901412964,
        0.23053434491157532,
        0.30839693546295166,
        0.3862595558166504,
        0.31145039200782776,
        0.3435114622116089,
        0.23969465494155884,
        0.22900763154029846,
        0.5343511700630188,
        0.30839693546295166,
        0.5648854970932007,
        0.22595420479774475
    ],
    "val_loss": [
        7.517724990844727,
        2.3171722888946533,
        4.366029739379883,
        2.422515869140625,
        1.8328133821487427,
        1.6749721765518188,
        1.9817216396331787,
        1.443802833557129,
        1.3498117923736572,
        1.7894309759140015,
        2.5379438400268555,
        1.4406955242156982,
        2.443533420562744,
        1.3459316492080688,
        1.504709243774414,
        9.899867057800293,
        1.0887917280197144,
        14.835221290588379,
        1.222611904144287,
        2.38996958732605
    ],
    "val_per": [
        0.8604651093482971,
        0.7292418479919434,
        0.0,
        0.0,
        0.7871485948562622,
        0.0,
        0.31366458535194397,
        0.7509293556213379,
        0.7453874349594116,
        0.0,
        0.3098159432411194,
        0.6644737124443054,
        0.31513261795043945,
        0.9583333134651184,
        0.0,
        0.22900763154029846,
        0.9247311949729919,
        0.30839693546295166,
        0.9047619104385376,
        0.3155650198459625
    ],
    "val_recall": [
        0.16946564614772797,
        0.30839693546295166,
        0.0,
        0.0,
        0.2992366552352905,
        0.0,
        0.30839693546295166,
        0.30839693546295166,
        0.30839693546295166,
        0.0,
        0.30839693546295166,
        0.30839693546295166,
        0.30839693546295166,
        0.035114504396915436,
        0.0,
        0.22900763154029846,
        0.26259541511535645,
        0.30839693546295166,
        0.290076345205307,
        0.22595420479774475
    ],
    "index_loss": 16,
    "val_lowest": 1.0887917280197144,
    "index_acc": 18,
    "acc_highest": 0.5648854970932007,
    "index_precision": 13,
    "per_highest": 0.9583333134651184,
    "index_recall": 1,
    "recall_highest": 0.30839693546295166,
    "Epochs": [
        1,
        2,
        3,
        4,
        5,
        6,
        7,
        8,
        9,
        10,
        11,
        12,
        13,
        14,
        15,
        16,
        17,
        18,
        19,
        20
    ],
    "loss_label": "Best epoch = 17",
    "acc_label": "Best epoch = 19",
    "per_label": "Best epoch = 14",
    "recall_label": "Best epoch = 2"
}