{"precision":{"glioma":0.9428571429,"meningioma":0.88125,"notumor":0.995049505,"pituitary":0.961038961,"accuracy":0.9481707317,"macro avg":0.9450489022,"weighted avg":0.9487968218},"recall":{"glioma":0.88,"meningioma":0.9215686275,"notumor":0.9901477833,"pituitary":0.9866666667,"accuracy":0.9481707317,"macro avg":0.9445957693,"weighted avg":0.9481707317},"f1-score":{"glioma":0.9103448276,"meningioma":0.9009584665,"notumor":0.9925925926,"pituitary":0.9736842105,"accuracy":0.9481707317,"macro avg":0.9443950243,"weighted avg":0.9480903923},"support":{"glioma":150.0,"meningioma":153.0,"notumor":203.0,"pituitary":150.0,"accuracy":0.9481707317,"macro avg":656.0,"weighted avg":656.0}}