{"precision":{"glioma":0.9798657718,"meningioma":0.9738562092,"notumor":0.9950980392,"pituitary":0.9933333333,"accuracy":0.9862804878,"macro avg":0.9855383384,"weighted avg":0.9862572679},"recall":{"glioma":0.9733333333,"meningioma":0.9738562092,"notumor":1.0,"pituitary":0.9933333333,"accuracy":0.9862804878,"macro avg":0.985130719,"weighted avg":0.9862804878},"f1-score":{"glioma":0.9765886288,"meningioma":0.9738562092,"notumor":0.9975429975,"pituitary":0.9933333333,"accuracy":0.9862804878,"macro avg":0.9853302922,"weighted avg":0.9862645165},"support":{"glioma":150.0,"meningioma":153.0,"notumor":203.0,"pituitary":150.0,"accuracy":0.9862804878,"macro avg":656.0,"weighted avg":656.0}}