{"precision":{"glioma":0.9933333333,"meningioma":0.9932432432,"notumor":1.0,"pituitary":1.0,"accuracy":0.9969512195,"macro avg":0.9966441441,"weighted avg":0.9969613821},"recall":{"glioma":1.0,"meningioma":0.9932432432,"notumor":1.0,"pituitary":0.9933774834,"accuracy":0.9969512195,"macro avg":0.9966551817,"weighted avg":0.9969512195},"f1-score":{"glioma":0.9966555184,"meningioma":0.9932432432,"notumor":1.0,"pituitary":0.9966777409,"accuracy":0.9969512195,"macro avg":0.9966441256,"weighted avg":0.9969512365},"support":{"glioma":149.0,"meningioma":148.0,"notumor":208.0,"pituitary":151.0,"accuracy":0.9969512195,"macro avg":656.0,"weighted avg":656.0}}