{"precision":{"glioma":0.9867549669,"meningioma":0.9931506849,"notumor":1.0,"pituitary":0.9933774834,"accuracy":0.993902439,"macro avg":0.9933207838,"weighted avg":0.9939219382},"recall":{"glioma":1.0,"meningioma":0.9797297297,"notumor":1.0,"pituitary":0.9933774834,"accuracy":0.993902439,"macro avg":0.9932768033,"weighted avg":0.993902439},"f1-score":{"glioma":0.9933333333,"meningioma":0.9863945578,"notumor":1.0,"pituitary":0.9933774834,"accuracy":0.993902439,"macro avg":0.9932763437,"weighted avg":0.9938918616},"support":{"glioma":149.0,"meningioma":148.0,"notumor":208.0,"pituitary":151.0,"accuracy":0.993902439,"macro avg":656.0,"weighted avg":656.0}}