{"precision":{"glioma":1.0,"meningioma":0.9620253165,"notumor":0.971291866,"pituitary":0.974025974,"accuracy":0.9756097561,"macro avg":0.9768357891,"weighted avg":0.9763201499},"recall":{"glioma":0.9,"meningioma":0.9934640523,"notumor":1.0,"pituitary":1.0,"accuracy":0.9756097561,"macro avg":0.9733660131,"weighted avg":0.9756097561},"f1-score":{"glioma":0.9473684211,"meningioma":0.9774919614,"notumor":0.9854368932,"pituitary":0.9868421053,"accuracy":0.9756097561,"macro avg":0.9742848452,"weighted avg":0.9752005158},"support":{"glioma":150.0,"meningioma":153.0,"notumor":203.0,"pituitary":150.0,"accuracy":0.9756097561,"macro avg":656.0,"weighted avg":656.0}}