{"precision":{"glioma":0.9673202614,"meningioma":0.9735099338,"notumor":1.0,"pituitary":0.9932885906,"accuracy":0.9847560976,"macro avg":0.9835296965,"weighted avg":0.9848145544},"recall":{"glioma":0.9866666667,"meningioma":0.9607843137,"notumor":1.0,"pituitary":0.9866666667,"accuracy":0.9847560976,"macro avg":0.9835294118,"weighted avg":0.9847560976},"f1-score":{"glioma":0.9768976898,"meningioma":0.9671052632,"notumor":1.0,"pituitary":0.9899665552,"accuracy":0.9847560976,"macro avg":0.983492377,"weighted avg":0.9847511311},"support":{"glioma":150.0,"meningioma":153.0,"notumor":203.0,"pituitary":150.0,"accuracy":0.9847560976,"macro avg":656.0,"weighted avg":656.0}}