{"precision":{"glioma":1.0,"meningioma":0.9741935484,"notumor":1.0,"pituitary":0.9865771812,"accuracy":0.9908536585,"macro avg":0.9901926824,"weighted avg":0.9909118751},"recall":{"glioma":0.9933333333,"meningioma":0.9869281046,"notumor":1.0,"pituitary":0.98,"accuracy":0.9908536585,"macro avg":0.9900653595,"weighted avg":0.9908536585},"f1-score":{"glioma":0.9966555184,"meningioma":0.9805194805,"notumor":1.0,"pituitary":0.983277592,"accuracy":0.9908536585,"macro avg":0.9901131477,"weighted avg":0.9908680596},"support":{"glioma":150.0,"meningioma":153.0,"notumor":203.0,"pituitary":150.0,"accuracy":0.9908536585,"macro avg":656.0,"weighted avg":656.0}}