{
    "tr_acc": [
        0.8960084319114685,
        0.9702380895614624,
        0.9826680421829224,
        0.9887955188751221,
        0.9842436909675598,
        0.9886204600334167,
        0.9887955188751221,
        0.9907212853431702,
        0.9942227005958557,
        0.9926470518112183,
        0.9912465214729309,
        0.9964985847473145,
        0.9961484670639038,
        0.9935224056243896,
        0.9968487620353699,
        0.9991246461868286,
        0.9971988797187805,
        0.9959734082221985,
        0.9985994100570679,
        0.9973739385604858
    ],
    "tr_loss": [
        5.389339923858643,
        2.343019962310791,
        1.0938538312911987,
        0.5460821986198425,
        0.3396065831184387,
        0.2393656224012375,
        0.2032293826341629,
        0.17292383313179016,
        0.1518726497888565,
        0.1435413807630539,
        0.14426189661026,
        0.11675414443016052,
        0.10897821933031082,
        0.11474325507879257,
        0.10030218958854675,
        0.08970868587493896,
        0.09180285036563873,
        0.09351612627506256,
        0.08379790186882019,
        0.0879831314086914
    ],
    "tr_per": [
        0.9127504825592041,
        0.9760170578956604,
        0.985863208770752,
        0.9918985366821289,
        0.9888869524002075,
        0.9922453165054321,
        0.9901425838470459,
        0.9924309253692627,
        0.9949095845222473,
        0.9940298795700073,
        0.9926276803016663,
        0.9968442916870117,
        0.9971949458122253,
        0.9943879246711731,
        0.9977208971977234,
        0.9994744062423706,
        0.9977213144302368,
        0.9964912533760071,
        0.9985986948013306,
        0.9977208971977234
    ],
    "tr_recall": [
        0.8772758841514587,
        0.961834728717804,
        0.9767156839370728,
        0.9859943985939026,
        0.9814425706863403,
        0.9856442809104919,
        0.9847689270973206,
        0.9870448112487793,
        0.9922969341278076,
        0.9910714030265808,
        0.9900209903717041,
        0.9954481720924377,
        0.9957982897758484,
        0.9926470518112183,
        0.9963235259056091,
        0.998774528503418,
        0.9964985847473145,
        0.994397759437561,
        0.9980742335319519,
        0.9963235259056091
    ],
    "val_acc": [
        0.9465649127960205,
        0.9786259531974792,
        0.9404579997062683,
        0.981679379940033,
        0.9465649127960205,
        0.9847328066825867,
        0.981679379940033,
        0.989313006401062,
        0.9786259531974792,
        0.981679379940033,
        0.9786259531974792,
        0.9954198598861694,
        0.9908397197723389,
        0.9938931465148926,
        0.989313006401062,
        0.9954198598861694,
        0.9923664331436157,
        0.9526717662811279,
        0.9938931465148926,
        0.9923664331436157
    ],
    "val_loss": [
        3.3993563652038574,
        1.534650206565857,
        1.2914366722106934,
        1.934477686882019,
        0.8935734033584595,
        0.22818538546562195,
        0.200762078166008,
        0.29945966601371765,
        0.19935062527656555,
        0.19006240367889404,
        0.16335755586624146,
        0.10296622663736343,
        0.11574713885784149,
        0.11015281081199646,
        0.12285361438989639,
        0.09385190904140472,
        0.10272320359945297,
        0.2390972375869751,
        0.08352132141590118,
        0.08418873697519302
    ],
    "val_per": [
        0.9604430198669434,
        0.9816232919692993,
        0.9544740915298462,
        0.981679379940033,
        0.9477726817131042,
        0.9847328066825867,
        0.9861325025558472,
        0.992343008518219,
        0.9801223278045654,
        0.9831804037094116,
        0.9845916628837585,
        0.9954198598861694,
        0.9908397197723389,
        0.9938931465148926,
        0.9892966151237488,
        0.9954198598861694,
        0.9923547506332397,
        0.9555214643478394,
        0.9938931465148926,
        0.9938744306564331
    ],
    "val_recall": [
        0.9267175793647766,
        0.9786259531974792,
        0.9282442927360535,
        0.981679379940033,
        0.9419847130775452,
        0.9847328066825867,
        0.9770992398262024,
        0.989313006401062,
        0.9786259531974792,
        0.981679379940033,
        0.9755725264549255,
        0.9954198598861694,
        0.9908397197723389,
        0.9938931465148926,
        0.9877862334251404,
        0.9954198598861694,
        0.9908397197723389,
        0.9511450529098511,
        0.9938931465148926,
        0.9908397197723389
    ],
    "index_loss": 18,
    "val_lowest": 0.08352132141590118,
    "index_acc": 11,
    "acc_highest": 0.9954198598861694,
    "index_precision": 11,
    "per_highest": 0.9954198598861694,
    "index_recall": 11,
    "recall_highest": 0.9954198598861694,
    "Epochs": [
        1,
        2,
        3,
        4,
        5,
        6,
        7,
        8,
        9,
        10,
        11,
        12,
        13,
        14,
        15,
        16,
        17,
        18,
        19,
        20
    ],
    "loss_label": "Best epoch = 19",
    "acc_label": "Best epoch = 12",
    "per_label": "Best epoch = 12",
    "recall_label": "Best epoch = 12"
}