{"precision":{"glioma":0.9933333333,"meningioma":0.9741935484,"notumor":1.0,"pituitary":0.9932885906,"accuracy":0.9908536585,"macro avg":0.9902038681,"weighted avg":0.9909221059},"recall":{"glioma":0.9933333333,"meningioma":0.9869281046,"notumor":0.9950738916,"pituitary":0.9866666667,"accuracy":0.9908536585,"macro avg":0.9905004991,"weighted avg":0.9908536585},"f1-score":{"glioma":0.9933333333,"meningioma":0.9805194805,"notumor":0.9975308642,"pituitary":0.9899665552,"accuracy":0.9908536585,"macro avg":0.9903375583,"weighted avg":0.990873825},"support":{"glioma":150.0,"meningioma":153.0,"notumor":203.0,"pituitary":150.0,"accuracy":0.9908536585,"macro avg":656.0,"weighted avg":656.0}}