{
    "tr_acc": [
        0.8883053064346313,
        0.9628851413726807,
        0.97496497631073,
        0.9770658016204834,
        0.9816176295280457,
        0.9852941036224365,
        0.9838935732841492,
        0.9873949289321899,
        0.9915966391563416,
        0.994397759437561,
        0.9933473467826843,
        0.9966736435890198,
        0.9978991746902466,
        0.9942227005958557,
        0.9970238208770752,
        0.9980742335319519,
        0.9975489974021912,
        0.9978991746902466,
        1.0,
        1.0
    ],
    "tr_loss": [
        3.7210559844970703,
        1.4279762506484985,
        0.6927521228790283,
        0.40935462713241577,
        0.2820618748664856,
        0.23023617267608643,
        0.20143525302410126,
        0.17303109169006348,
        0.1462918370962143,
        0.12810499966144562,
        0.12721167504787445,
        0.11233251541852951,
        0.10007324814796448,
        0.10532010346651077,
        0.0971766784787178,
        0.08677748590707779,
        0.08561037480831146,
        0.08394969999790192,
        0.06961216032505035,
        0.06683587282896042
    ],
    "tr_per": [
        0.9102824330329895,
        0.9705724716186523,
        0.9797657132148743,
        0.9812819957733154,
        0.9863740801811218,
        0.9880113005638123,
        0.9864197373390198,
        0.9906673431396484,
        0.9933298230171204,
        0.9952589869499207,
        0.9943850040435791,
        0.998244047164917,
        0.9984229803085327,
        0.9949113726615906,
        0.997545599937439,
        0.9987732172012329,
        0.9982462525367737,
        0.9984221458435059,
        1.0,
        1.0
    ],
    "tr_recall": [
        0.8632702827453613,
        0.9527310729026794,
        0.9663865566253662,
        0.9728641510009766,
        0.9758403301239014,
        0.9810924530029297,
        0.9791666865348816,
        0.9849439859390259,
        0.9907212853431702,
        0.9922969341278076,
        0.9921218752861023,
        0.9952731132507324,
        0.9975489974021912,
        0.9926470518112183,
        0.9961484670639038,
        0.9977241158485413,
        0.9964985847473145,
        0.9970238208770752,
        1.0,
        1.0
    ],
    "val_acc": [
        0.9282442927360535,
        0.9633587598800659,
        0.981679379940033,
        0.9511450529098511,
        0.9465649127960205,
        0.9862595200538635,
        0.9419847130775452,
        0.970992386341095,
        0.9282442927360535,
        0.9832060933113098,
        0.943511426448822,
        0.9877862334251404,
        0.9969465732574463,
        0.9770992398262024,
        0.9755725264549255,
        0.9877862334251404,
        0.9419847130775452,
        0.9877862334251404,
        0.9954198598861694,
        0.9954198598861694
    ],
    "val_loss": [
        2.128955125808716,
        0.9425666928291321,
        0.48469647765159607,
        0.3953123986721039,
        0.3388540744781494,
        0.19911378622055054,
        0.30346858501434326,
        0.2082020491361618,
        0.3053427040576935,
        0.14759759604930878,
        0.24069808423519135,
        0.11496498435735703,
        0.09053043276071548,
        0.15438556671142578,
        0.16919641196727753,
        0.10651331394910812,
        0.23318766057491302,
        0.10264306515455246,
        0.07665994763374329,
        0.06915799528360367
    ],
    "val_per": [
        0.9550561904907227,
        0.9720062017440796,
        0.9876543283462524,
        0.9608150720596313,
        0.9572784900665283,
        0.990755021572113,
        0.9518633484840393,
        0.9709480404853821,
        0.9376947283744812,
        0.9846860766410828,
        0.947692334651947,
        0.9877675771713257,
        0.9969465732574463,
        0.9800613522529602,
        0.9755351543426514,
        0.9892966151237488,
        0.9419847130775452,
        0.9877862334251404,
        0.9954198598861694,
        0.9969419240951538
    ],
    "val_recall": [
        0.9083969593048096,
        0.9541984796524048,
        0.9770992398262024,
        0.9358778595924377,
        0.9236640930175781,
        0.981679379940033,
        0.9358778595924377,
        0.9694656729698181,
        0.9190839529037476,
        0.981679379940033,
        0.9404579997062683,
        0.9862595200538635,
        0.9969465732574463,
        0.9755725264549255,
        0.9740458130836487,
        0.9877862334251404,
        0.9419847130775452,
        0.9877862334251404,
        0.9954198598861694,
        0.9954198598861694
    ],
    "index_loss": 19,
    "val_lowest": 0.06915799528360367,
    "index_acc": 12,
    "acc_highest": 0.9969465732574463,
    "index_precision": 12,
    "per_highest": 0.9969465732574463,
    "index_recall": 12,
    "recall_highest": 0.9969465732574463,
    "Epochs": [
        1,
        2,
        3,
        4,
        5,
        6,
        7,
        8,
        9,
        10,
        11,
        12,
        13,
        14,
        15,
        16,
        17,
        18,
        19,
        20
    ],
    "loss_label": "Best epoch = 20",
    "acc_label": "Best epoch = 13",
    "per_label": "Best epoch = 13",
    "recall_label": "Best epoch = 13"
}