{"precision":{"glioma":0.9864864865,"meningioma":0.9867549669,"notumor":0.9902439024,"pituitary":0.9802631579,"accuracy":0.9862804878,"macro avg":0.9859371284,"weighted avg":0.9862888244},"recall":{"glioma":0.9733333333,"meningioma":0.9738562092,"notumor":1.0,"pituitary":0.9933333333,"accuracy":0.9862804878,"macro avg":0.985130719,"weighted avg":0.9862804878},"f1-score":{"glioma":0.9798657718,"meningioma":0.9802631579,"notumor":0.9950980392,"pituitary":0.9867549669,"accuracy":0.9862804878,"macro avg":0.985495484,"weighted avg":0.9862473718},"support":{"glioma":150.0,"meningioma":153.0,"notumor":203.0,"pituitary":150.0,"accuracy":0.9862804878,"macro avg":656.0,"weighted avg":656.0}}