{
    "tr_acc": [
        0.9017857313156128,
        0.9698879718780518,
        0.9788165092468262,
        0.9763655662536621,
        0.9823179244995117,
        0.9847689270973206,
        0.9884454011917114,
        0.9891456365585327,
        0.9935224056243896,
        0.9949229955673218,
        0.9933473467826843,
        0.9959734082221985,
        0.9959734082221985,
        0.9954481720924377,
        0.9989495873451233,
        0.9950980544090271,
        0.9952731132507324,
        0.9970238208770752,
        0.9996498823165894,
        0.9992997050285339
    ],
    "tr_loss": [
        3.2638964653015137,
        1.2539606094360352,
        0.6183383464813232,
        0.3852077126502991,
        0.2708904445171356,
        0.21759219467639923,
        0.1858886182308197,
        0.1627635955810547,
        0.142581507563591,
        0.1286301165819168,
        0.12787041068077087,
        0.11472489684820175,
        0.10450436174869537,
        0.10758467018604279,
        0.08789871633052826,
        0.09809070080518723,
        0.0943446010351181,
        0.0883522629737854,
        0.07612767070531845,
        0.07244844734668732
    ],
    "tr_per": [
        0.9182858467102051,
        0.9759957194328308,
        0.9832184910774231,
        0.9800035357475281,
        0.9858856797218323,
        0.9875022172927856,
        0.9906673431396484,
        0.9915552139282227,
        0.994207501411438,
        0.9954417943954468,
        0.9938650131225586,
        0.9968437552452087,
        0.9963222146034241,
        0.9956201910972595,
        0.998949408531189,
        0.9952673316001892,
        0.9963183999061584,
        0.9971969127655029,
        0.9996498227119446,
        0.9992995858192444
    ],
    "tr_recall": [
        0.8853291273117065,
        0.9609593749046326,
        0.974439799785614,
        0.9695377945899963,
        0.9782913327217102,
        0.9821428656578064,
        0.9849439859390259,
        0.9866946935653687,
        0.9915966391563416,
        0.9940476417541504,
        0.9926470518112183,
        0.9952731132507324,
        0.9959734082221985,
        0.9949229955673218,
        0.998774528503418,
        0.9940476417541504,
        0.9949229955673218,
        0.9964985847473145,
        0.9994747638702393,
        0.9991246461868286
    ],
    "val_acc": [
        0.9221373796463013,
        0.981679379940033,
        0.9770992398262024,
        0.9694656729698181,
        0.9450381398200989,
        0.9832060933113098,
        0.9496183395385742,
        0.9877862334251404,
        0.7572519183158875,
        0.9832060933113098,
        0.9954198598861694,
        0.9954198598861694,
        0.9206106662750244,
        0.9877862334251404,
        0.9832060933113098,
        0.9984732866287231,
        0.9938931465148926,
        0.9908397197723389,
        0.9954198598861694,
        0.9984732866287231
    ],
    "val_loss": [
        1.8951016664505005,
        0.83274245262146,
        0.4728858470916748,
        0.3284622132778168,
        0.3306622803211212,
        0.20286744832992554,
        0.22909212112426758,
        0.1469937264919281,
        0.8177751302719116,
        0.14077961444854736,
        0.10391359031200409,
        0.10588187724351883,
        0.4375792443752289,
        0.12057515978813171,
        0.12048935145139694,
        0.08271919935941696,
        0.09001051634550095,
        0.10312411189079285,
        0.07730452716350555,
        0.0674501582980156
    ],
    "val_per": [
        0.9528455138206482,
        0.9860464930534363,
        0.9813953638076782,
        0.9753845930099487,
        0.9478527903556824,
        0.9892141819000244,
        0.9611197710037231,
        0.9877862334251404,
        0.7601246237754822,
        0.9861751198768616,
        0.9954198598861694,
        0.9954198598861694,
        0.923430323600769,
        0.9877862334251404,
        0.9847095012664795,
        0.9984732866287231,
        0.9938931465148926,
        0.9923547506332397,
        0.9954198598861694,
        0.9984732866287231
    ],
    "val_recall": [
        0.8946564793586731,
        0.970992386341095,
        0.9664121866226196,
        0.9679389595985413,
        0.943511426448822,
        0.9801526665687561,
        0.943511426448822,
        0.9877862334251404,
        0.7450381517410278,
        0.9801526665687561,
        0.9954198598861694,
        0.9954198598861694,
        0.9206106662750244,
        0.9877862334251404,
        0.9832060933113098,
        0.9984732866287231,
        0.9938931465148926,
        0.9908397197723389,
        0.9954198598861694,
        0.9984732866287231
    ],
    "index_loss": 19,
    "val_lowest": 0.0674501582980156,
    "index_acc": 15,
    "acc_highest": 0.9984732866287231,
    "index_precision": 15,
    "per_highest": 0.9984732866287231,
    "index_recall": 15,
    "recall_highest": 0.9984732866287231,
    "Epochs": [
        1,
        2,
        3,
        4,
        5,
        6,
        7,
        8,
        9,
        10,
        11,
        12,
        13,
        14,
        15,
        16,
        17,
        18,
        19,
        20
    ],
    "loss_label": "Best epoch = 20",
    "acc_label": "Best epoch = 16",
    "per_label": "Best epoch = 16",
    "recall_label": "Best epoch = 16"
}