{"precision":{"glioma":0.9931034483,"meningioma":0.8162162162,"notumor":0.9950980392,"pituitary":0.9918032787,"accuracy":0.943597561,"macro avg":0.9490552456,"weighted avg":0.9521676709},"recall":{"glioma":0.96,"meningioma":0.9869281046,"notumor":1.0,"pituitary":0.8066666667,"accuracy":0.943597561,"macro avg":0.9383986928,"weighted avg":0.943597561},"f1-score":{"glioma":0.9762711864,"meningioma":0.8934911243,"notumor":0.9975429975,"pituitary":0.8897058824,"accuracy":0.943597561,"macro avg":0.9392527976,"weighted avg":0.9437529433},"support":{"glioma":150.0,"meningioma":153.0,"notumor":203.0,"pituitary":150.0,"accuracy":0.943597561,"macro avg":656.0,"weighted avg":656.0}}