{
    "tr_acc": [
        0.8545168042182922,
        0.9450280070304871,
        0.9702380895614624,
        0.9679622054100037,
        0.9656862616539001,
        0.9667366743087769,
        0.9830182194709778,
        0.9803921580314636,
        0.9866946935653687,
        0.9854691624641418,
        0.9858193397521973,
        0.986869752407074,
        0.9882702827453613,
        0.9894958138465881,
        0.9928221106529236,
        0.9947478771209717,
        0.9959734082221985,
        0.9996498823165894,
        0.9926470518112183,
        0.9950980544090271
    ],
    "tr_loss": [
        5.830711364746094,
        2.7179856300354004,
        1.4321671724319458,
        0.8600271344184875,
        0.59040367603302,
        0.4488064646720886,
        0.3141883909702301,
        0.26072514057159424,
        0.21564970910549164,
        0.2053036242723465,
        0.18895624577999115,
        0.17204973101615906,
        0.15861497819423676,
        0.15183356404304504,
        0.13899458944797516,
        0.12330624461174011,
        0.1187434270977974,
        0.09793148189783096,
        0.12068447470664978,
        0.10761196166276932
    ],
    "tr_per": [
        0.8774217367172241,
        0.9544966220855713,
        0.9742359519004822,
        0.973820149898529,
        0.9717885255813599,
        0.9745551347732544,
        0.9860226511955261,
        0.984457790851593,
        0.9899452924728394,
        0.9888574481010437,
        0.9881876111030579,
        0.9888967275619507,
        0.9908515214920044,
        0.9920774698257446,
        0.9940267205238342,
        0.9954385757446289,
        0.9970164895057678,
        0.9998247027397156,
        0.9938564300537109,
        0.9959648847579956
    ],
    "tr_recall": [
        0.8245798349380493,
        0.9327731132507324,
        0.9599089622497559,
        0.9572829008102417,
        0.9588585495948792,
        0.9588585495948792,
        0.975665271282196,
        0.9758403301239014,
        0.982492983341217,
        0.9788165092468262,
        0.981267511844635,
        0.9823179244995117,
        0.9859943985939026,
        0.9865196347236633,
        0.9905462265014648,
        0.9933473467826843,
        0.9945728182792664,
        0.9985994100570679,
        0.9912465214729309,
        0.9938725233078003
    ],
    "val_acc": [
        0.30839693546295166,
        0.3358778655529022,
        0.7725191116333008,
        0.9740458130836487,
        0.9572519063949585,
        0.9694656729698181,
        0.9358778595924377,
        0.8977099061012268,
        0.9206106662750244,
        0.914503812789917,
        0.9267175793647766,
        0.9541984796524048,
        0.9740458130836487,
        0.970992386341095,
        0.9725190997123718,
        0.7984732985496521,
        0.981679379940033,
        0.989313006401062,
        0.8625954389572144,
        0.9618320465087891
    ],
    "val_loss": [
        6.96284818649292,
        3.797581434249878,
        1.481918454170227,
        0.6604967713356018,
        0.5778910517692566,
        0.41897526383399963,
        0.4110622704029083,
        0.44951340556144714,
        0.37205660343170166,
        0.4322263300418854,
        0.8629691004753113,
        0.24823272228240967,
        0.19873502850532532,
        0.20187287032604218,
        0.18736432492733002,
        0.5641489028930664,
        0.1434435248374939,
        0.11686769127845764,
        0.52507483959198,
        0.2617945671081543
    ],
    "val_per": [
        0.30839693546295166,
        0.3353846073150635,
        0.8312829732894897,
        0.9799072742462158,
        0.9623233675956726,
        0.9752704501152039,
        0.9425466060638428,
        0.9394958019256592,
        0.9284603595733643,
        0.9180834889411926,
        0.9334365129470825,
        0.9584615230560303,
        0.9739263653755188,
        0.9723502397537231,
        0.9767801761627197,
        0.8290322422981262,
        0.9831029176712036,
        0.9892966151237488,
        0.8736177086830139,
        0.9631901979446411
    ],
    "val_recall": [
        0.30839693546295166,
        0.3328244388103485,
        0.7221373915672302,
        0.9679389595985413,
        0.9358778595924377,
        0.9633587598800659,
        0.9267175793647766,
        0.8534350991249084,
        0.9114503860473633,
        0.9068702459335327,
        0.9206106662750244,
        0.9511450529098511,
        0.9694656729698181,
        0.9664121866226196,
        0.9633587598800659,
        0.7847328186035156,
        0.9770992398262024,
        0.9877862334251404,
        0.8442748188972473,
        0.9587786197662354
    ],
    "index_loss": 17,
    "val_lowest": 0.11686769127845764,
    "index_acc": 17,
    "acc_highest": 0.989313006401062,
    "index_precision": 17,
    "per_highest": 0.9892966151237488,
    "index_recall": 17,
    "recall_highest": 0.9877862334251404,
    "Epochs": [
        1,
        2,
        3,
        4,
        5,
        6,
        7,
        8,
        9,
        10,
        11,
        12,
        13,
        14,
        15,
        16,
        17,
        18,
        19,
        20
    ],
    "loss_label": "Best epoch = 18",
    "acc_label": "Best epoch = 18",
    "per_label": "Best epoch = 18",
    "recall_label": "Best epoch = 18"
}