{"True Positives": 279, "False Positives": 21, "True Negatives": 1008, "False Negatives": 3, "Specificity": 0.9795918367346939, "Sensitivity": 0.9893617021276596}