{"tr_acc": [0.7711834907531738, 0.8389355540275574, 0.8683473467826843, 0.8834033608436584, 0.8972339034080505, 0.9082633256912231, 0.9147409200668335, 0.9231442809104919, 0.9266456365585327, 0.9283963441848755, 0.9331232309341431, 0.9404761791229248, 0.9436274766921997, 0.9481792449951172, 0.955007016658783, 0.9597339034080505, 0.956232488155365, 0.9543067216873169, 0.9600840210914612, 0.9620097875595093, 0.968137264251709, 0.963060200214386, 0.9702380895614624, 0.9719887971878052, 0.969362735748291, 0.9775910377502441, 0.9768907427787781, 0.9803921580314636, 0.9760153889656067, 0.9837185144424438, 0.988095223903656, 0.9856442809104919, 0.9791666865348816, 0.9838935732841492, 0.9861694574356079, 0.9887955188751221, 0.9872198700904846, 0.9891456365585327, 0.986869752407074, 0.9859943985939026, 0.9886204600334167, 0.9891456365585327, 0.9873949289321899, 0.9889705777168274, 0.9893207550048828, 0.9905462265014648, 0.9910714030265808, 0.9915966391563416, 0.9924719929695129, 0.993697464466095], "tr_loss": [1.1564987897872925, 0.47357049584388733, 0.3854970335960388, 0.3498007655143738, 0.3030325174331665, 0.2589089572429657, 0.2406233847141266, 0.22894951701164246, 0.19890999794006348, 0.1963101625442505, 0.18898680806159973, 0.17412500083446503, 0.16115649044513702, 0.1465638279914856, 0.13437624275684357, 0.10805843770503998, 0.12583649158477783, 0.12857791781425476, 0.10405056923627853, 0.10727597773075104, 0.09767142683267593, 0.10255453735589981, 0.08460044115781784, 0.08162758499383926, 0.08766533434391022, 0.06841730326414108, 0.0682239755988121, 0.062288761138916016, 0.07045701146125793, 0.04932408779859543, 0.041233815252780914, 0.04235471785068512, 0.0525963231921196, 0.04705950617790222, 0.042232759296894073, 0.03938489407300949, 0.035054828971624374, 0.03793921321630478, 0.03580290079116821, 0.03909115120768547, 0.030882984399795532, 0.02998257428407669, 0.031227165833115578, 0.02872360497713089, 0.02901821956038475, 0.027574937790632248, 0.025437502190470695, 0.02087591402232647, 0.02320324070751667, 0.0204039104282856], "val_acc": [0.7871853709220886, 0.8703280091285706, 0.8688024282455444, 0.8680396676063538, 0.9000762701034546, 0.9008390307426453, 0.8855835199356079, 0.9107551574707031, 0.9176201224327087, 0.9282990097999573, 0.8962624073028564, 0.9344012141227722, 0.942791759967804, 0.929061770439148, 0.9382150769233704, 0.9435545206069946, 0.9282990097999573, 0.950419545173645, 0.9435545206069946, 0.9511823058128357, 0.9405034184455872, 0.9656750559806824, 0.9481312036514282, 0.9473684430122375, 0.9626239538192749, 0.9557589888572693, 0.9755911231040955, 0.9641494750976562, 0.9641494750976562, 0.9557589888572693, 0.9633867144584656, 0.9717772603034973, 0.9778794646263123, 0.9641494750976562, 0.9763539433479309, 0.972540020942688, 0.966437816619873, 0.9649122953414917, 0.9755911231040955, 0.9763539433479309, 0.972540020942688, 0.9717772603034973, 0.9694889187812805, 0.9755911231040955, 0.9748283624649048, 0.9717772603034973, 0.972540020942688, 0.9748283624649048, 0.9656750559806824, 0.9786422848701477], "val_loss": [0.9776649475097656, 0.4269923269748688, 0.4124755859375, 0.42606374621391296, 0.3592298626899719, 0.3426302969455719, 0.37675970792770386, 0.2617824673652649, 0.23527809977531433, 0.22552502155303955, 0.3403557240962982, 0.2397317737340927, 0.1931031495332718, 0.18502898514270782, 0.1686079353094101, 0.18220794200897217, 0.2543264329433441, 0.1458267867565155, 0.19435781240463257, 0.1569053828716278, 0.19320829212665558, 0.14096035063266754, 0.18827103078365326, 0.1913292407989502, 0.13779395818710327, 0.16909870505332947, 0.1090938001871109, 0.13912281394004822, 0.17231401801109314, 0.19972243905067444, 0.18739280104637146, 0.1672278344631195, 0.11072267591953278, 0.16900382936000824, 0.13326460123062134, 0.10133270174264908, 0.13946184515953064, 0.14847718179225922, 0.12119468301534653, 0.11874771118164062, 0.10264841467142105, 0.1162465438246727, 0.13801832497119904, 0.10268156230449677, 0.11772917211055756, 0.12299389392137527, 0.14037631452083588, 0.16140207648277283, 0.17941121757030487, 0.12508675456047058], "index_loss": 35, "val_lowest": 0.10133270174264908, "index_acc": 49, "acc_highest": 0.9786422848701477, "Epochs": [1, 2, 3, 4, 5, 6, 7, 8, 9, 10, 11, 12, 13, 14, 15, 16, 17, 18, 19, 20, 21, 22, 23, 24, 25, 26, 27, 28, 29, 30, 31, 32, 33, 34, 35, 36, 37, 38, 39, 40, 41, 42, 43, 44, 45, 46, 47, 48, 49, 50], "loss_label": "Best epoch = 36", "acc_label": "Best epoch = 50"}