{"precision":{"glioma":0.9520547945,"meningioma":0.9113924051,"notumor":0.9901477833,"pituitary":1.0,"accuracy":0.9649390244,"macro avg":0.9633987457,"weighted avg":0.9653220383},"recall":{"glioma":0.9266666667,"meningioma":0.9411764706,"notumor":0.9901477833,"pituitary":0.9933333333,"accuracy":0.9649390244,"macro avg":0.9628310635,"weighted avg":0.9649390244},"f1-score":{"glioma":0.9391891892,"meningioma":0.9260450161,"notumor":0.9901477833,"pituitary":0.9966555184,"accuracy":0.9649390244,"macro avg":0.9630093767,"weighted avg":0.9650329171},"support":{"glioma":150.0,"meningioma":153.0,"notumor":203.0,"pituitary":150.0,"accuracy":0.9649390244,"macro avg":656.0,"weighted avg":656.0}}