{
    "tr_acc": [
        0.6976540684700012,
        0.832457959651947,
        0.8965336084365845,
        0.9459033608436584,
        0.9588585495948792,
        0.9718137383460999,
        0.980042040348053,
        0.9819678068161011,
        0.9886204600334167,
        0.9877451062202454,
        0.9896708726882935,
        0.9929971694946289,
        0.9924719929695129,
        0.9910714030265808,
        0.9910714030265808,
        0.9917716979980469,
        0.9942227005958557,
        0.9950980544090271,
        0.9938725233078003,
        0.9973739385604858
    ],
    "tr_loss": [
        0.8539665341377258,
        0.4317965805530548,
        0.2852174937725067,
        0.16087666153907776,
        0.12354389578104019,
        0.08709430694580078,
        0.06013377755880356,
        0.05922694131731987,
        0.03583330288529396,
        0.03924357146024704,
        0.03579191118478775,
        0.025387100875377655,
        0.027835316956043243,
        0.04189413785934448,
        0.02866792492568493,
        0.032235898077487946,
        0.023329855874180794,
        0.020615365356206894,
        0.035750649869441986,
        0.009182398207485676
    ],
    "tr_per": [
        0.7664249539375305,
        0.8481848239898682,
        0.9025650024414062,
        0.9483791589736938,
        0.9598034024238586,
        0.972631573677063,
        0.980550229549408,
        0.9824807047843933,
        0.9886144399642944,
        0.9877451062202454,
        0.9896672368049622,
        0.9929971694946289,
        0.9924719929695129,
        0.9910714030265808,
        0.9910714030265808,
        0.9919453859329224,
        0.9942227005958557,
        0.9950980544090271,
        0.9938725233078003,
        0.9973739385604858
    ],
    "tr_recall": [
        0.6106442809104919,
        0.8098739385604858,
        0.8870798349380493,
        0.9424019455909729,
        0.9572829008102417,
        0.970588207244873,
        0.9796918630599976,
        0.981792688369751,
        0.988095223903656,
        0.9877451062202454,
        0.9893207550048828,
        0.9929971694946289,
        0.9924719929695129,
        0.9910714030265808,
        0.9910714030265808,
        0.9917716979980469,
        0.9942227005958557,
        0.9950980544090271,
        0.9938725233078003,
        0.9973739385604858
    ],
    "val_acc": [
        0.7267175316810608,
        0.8274809122085571,
        0.8335877656936646,
        0.9282442927360535,
        0.9129770994186401,
        0.9419847130775452,
        0.9526717662811279,
        0.9129770994186401,
        0.9450381398200989,
        0.932824432849884,
        0.9511450529098511,
        0.943511426448822,
        0.9465649127960205,
        0.9557251930236816,
        0.9633587598800659,
        0.9404579997062683,
        0.9358778595924377,
        0.9541984796524048,
        0.9526717662811279,
        0.9648854732513428
    ],
    "val_loss": [
        0.6650665402412415,
        0.40836024284362793,
        0.40523993968963623,
        0.20972828567028046,
        0.21692705154418945,
        0.17727668583393097,
        0.14705237746238708,
        0.27092355489730835,
        0.22248584032058716,
        0.20150668919086456,
        0.22754554450511932,
        0.1939639300107956,
        0.18433760106563568,
        0.15799887478351593,
        0.18255844712257385,
        0.306745320558548,
        0.42501989006996155,
        0.23856455087661743,
        0.2401900440454483,
        0.23214362561702728
    ],
    "val_per": [
        0.7690941095352173,
        0.842607319355011,
        0.8582930564880371,
        0.9307692050933838,
        0.9211746454238892,
        0.9433384537696838,
        0.9541284441947937,
        0.9127105474472046,
        0.9464012384414673,
        0.932721734046936,
        0.9511450529098511,
        0.943511426448822,
        0.9464831948280334,
        0.9557251930236816,
        0.963302731513977,
        0.9403669834136963,
        0.9357798099517822,
        0.9541284441947937,
        0.9526717662811279,
        0.9648854732513428
    ],
    "val_recall": [
        0.6610686779022217,
        0.8091602921485901,
        0.8137404322624207,
        0.9236640930175781,
        0.9099236726760864,
        0.9404579997062683,
        0.9526717662811279,
        0.9099236726760864,
        0.943511426448822,
        0.9312977194786072,
        0.9511450529098511,
        0.943511426448822,
        0.9450381398200989,
        0.9557251930236816,
        0.9618320465087891,
        0.9389312863349915,
        0.9343511462211609,
        0.9526717662811279,
        0.9526717662811279,
        0.9648854732513428
    ],
    "index_loss": 6,
    "val_lowest": 0.14705237746238708,
    "index_acc": 19,
    "acc_highest": 0.9648854732513428,
    "index_precision": 19,
    "per_highest": 0.9648854732513428,
    "index_recall": 19,
    "recall_highest": 0.9648854732513428,
    "Epochs": [
        1,
        2,
        3,
        4,
        5,
        6,
        7,
        8,
        9,
        10,
        11,
        12,
        13,
        14,
        15,
        16,
        17,
        18,
        19,
        20
    ],
    "loss_label": "Best epoch = 7",
    "acc_label": "Best epoch = 20",
    "per_label": "Best epoch = 20",
    "recall_label": "Best epoch = 20"
}