{"precision":{"glioma":0.9927007299,"meningioma":0.9161676647,"notumor":1.0,"pituitary":1.0,"accuracy":0.9771341463,"macro avg":0.9772170986,"weighted avg":0.9787786009},"recall":{"glioma":0.9066666667,"meningioma":1.0,"notumor":1.0,"pituitary":0.9933333333,"accuracy":0.9771341463,"macro avg":0.975,"weighted avg":0.9771341463},"f1-score":{"glioma":0.9477351916,"meningioma":0.95625,"notumor":1.0,"pituitary":0.9966555184,"accuracy":0.9771341463,"macro avg":0.9751601775,"weighted avg":0.9770805739},"support":{"glioma":150.0,"meningioma":153.0,"notumor":203.0,"pituitary":150.0,"accuracy":0.9771341463,"macro avg":656.0,"weighted avg":656.0}}