{"precision":{"glioma":0.98,"meningioma":0.9735099338,"notumor":0.9950980392,"pituitary":0.9867549669,"accuracy":0.9847560976,"macro avg":0.983840735,"weighted avg":0.9847029983},"recall":{"glioma":0.98,"meningioma":0.9607843137,"notumor":1.0,"pituitary":0.9933333333,"accuracy":0.9847560976,"macro avg":0.9835294118,"weighted avg":0.9847560976},"f1-score":{"glioma":0.98,"meningioma":0.9671052632,"notumor":0.9975429975,"pituitary":0.9900332226,"accuracy":0.9847560976,"macro avg":0.9836703708,"weighted avg":0.9847154225},"support":{"glioma":150.0,"meningioma":153.0,"notumor":203.0,"pituitary":150.0,"accuracy":0.9847560976,"macro avg":656.0,"weighted avg":656.0}}