{
    "tr_acc": [
        0.8676470518112183,
        0.9592086672782898,
        0.9725140333175659,
        0.986869752407074,
        0.9898459315299988,
        0.988095223903656,
        0.9905462265014648,
        0.9889705777168274,
        0.9966736435890198,
        0.9957982897758484,
        0.9970238208770752,
        0.9945728182792664,
        0.9978991746902466,
        0.9973739385604858,
        0.9991246461868286,
        0.9980742335319519,
        0.9961484670639038,
        0.9992997050285339,
        0.9996498823165894,
        0.9996498823165894
    ],
    "tr_loss": [
        5.355926036834717,
        2.3315486907958984,
        1.0670946836471558,
        0.5195199847221375,
        0.3033837080001831,
        0.22384962439537048,
        0.18174168467521667,
        0.1620132476091385,
        0.1300867646932602,
        0.12360749393701553,
        0.11155416816473007,
        0.11420196294784546,
        0.0972183495759964,
        0.0993991494178772,
        0.08599164336919785,
        0.0857929140329361,
        0.09094462543725967,
        0.07782207429409027,
        0.07078082114458084,
        0.06712840497493744
    ],
    "tr_per": [
        0.8857979774475098,
        0.9673796892166138,
        0.9790594577789307,
        0.9890825748443604,
        0.9917384386062622,
        0.9910195469856262,
        0.9922643899917603,
        0.9915611743927002,
        0.9970206618309021,
        0.9970164895057678,
        0.9977208971977234,
        0.9954417943954468,
        0.9982481002807617,
        0.9975477457046509,
        0.9992993474006653,
        0.9982489943504333,
        0.9963196516036987,
        0.9996495246887207,
        0.9996498227119446,
        0.9996498227119446
    ],
    "tr_recall": [
        0.8473389148712158,
        0.9501050710678101,
        0.9658613204956055,
        0.9833683371543884,
        0.9877451062202454,
        0.9852941036224365,
        0.988095223903656,
        0.9873949289321899,
        0.9959734082221985,
        0.9945728182792664,
        0.9963235259056091,
        0.9940476417541504,
        0.9975489974021912,
        0.9970238208770752,
        0.998774528503418,
        0.9980742335319519,
        0.9952731132507324,
        0.998774528503418,
        0.9994747638702393,
        0.9994747638702393
    ],
    "val_acc": [
        0.4793893098831177,
        0.5832061171531677,
        0.6183205842971802,
        0.676335871219635,
        0.7206106781959534,
        0.7541984915733337,
        0.8106870055198669,
        0.7450381517410278,
        0.7572519183158875,
        0.7847328186035156,
        0.858015239238739,
        0.9251908659934998,
        0.9282442927360535,
        0.9694656729698181,
        0.9862595200538635,
        0.9740458130836487,
        0.9847328066825867,
        0.9801526665687561,
        0.9801526665687561,
        0.9862595200538635
    ],
    "val_loss": [
        4.465959548950195,
        2.3711187839508057,
        1.548941969871521,
        1.0455687046051025,
        0.9424130916595459,
        0.6607829332351685,
        0.5770069360733032,
        0.6270245313644409,
        0.5859491229057312,
        0.5599777698516846,
        0.48703476786613464,
        0.3650028705596924,
        0.2688308656215668,
        0.21720494329929352,
        0.15476012229919434,
        0.1697399914264679,
        0.17314711213111877,
        0.14013995230197906,
        0.14665275812149048,
        0.10263229161500931
    ],
    "val_per": [
        0.7353951930999756,
        0.7347826361656189,
        0.6666666865348816,
        0.748633861541748,
        0.7706270813941956,
        0.9011628031730652,
        0.8781818151473999,
        0.8884688019752502,
        0.8882783651351929,
        0.9149338603019714,
        0.9392156600952148,
        0.9682539701461792,
        0.9510268568992615,
        0.9795275330543518,
        0.9938080310821533,
        0.9797191619873047,
        0.9860896468162537,
        0.9830769300460815,
        0.9830769300460815,
        0.9877488613128662
    ],
    "val_recall": [
        0.3267175555229187,
        0.5160305500030518,
        0.561832070350647,
        0.6274809241294861,
        0.7129771113395691,
        0.7099236845970154,
        0.7374045848846436,
        0.7175572514533997,
        0.7404580116271973,
        0.7389312982559204,
        0.7312977313995361,
        0.8381679654121399,
        0.9190839529037476,
        0.9496183395385742,
        0.9801526665687561,
        0.9587786197662354,
        0.9740458130836487,
        0.9755725264549255,
        0.9755725264549255,
        0.9847328066825867
    ],
    "index_loss": 19,
    "val_lowest": 0.10263229161500931,
    "index_acc": 14,
    "acc_highest": 0.9862595200538635,
    "index_precision": 14,
    "per_highest": 0.9938080310821533,
    "index_recall": 19,
    "recall_highest": 0.9847328066825867,
    "Epochs": [
        1,
        2,
        3,
        4,
        5,
        6,
        7,
        8,
        9,
        10,
        11,
        12,
        13,
        14,
        15,
        16,
        17,
        18,
        19,
        20
    ],
    "loss_label": "Best epoch = 20",
    "acc_label": "Best epoch = 15",
    "per_label": "Best epoch = 15",
    "recall_label": "Best epoch = 20"
}