{"precision":{"glioma":1.0,"meningioma":0.9931972789,"notumor":1.0,"pituitary":0.9869281046,"accuracy":0.9954268293,"macro avg":0.9950313459,"weighted avg":0.9954563126},"recall":{"glioma":0.9932885906,"meningioma":0.9864864865,"notumor":1.0,"pituitary":1.0,"accuracy":0.9954268293,"macro avg":0.9949437693,"weighted avg":0.9954268293},"f1-score":{"glioma":0.9966329966,"meningioma":0.9898305085,"notumor":1.0,"pituitary":0.9934210526,"accuracy":0.9954268293,"macro avg":0.9949711394,"weighted avg":0.9954265407},"support":{"glioma":149.0,"meningioma":148.0,"notumor":208.0,"pituitary":151.0,"accuracy":0.9954268293,"macro avg":656.0,"weighted avg":656.0}}