{"precision":{"glioma":1.0,"meningioma":0.9932885906,"notumor":1.0,"pituitary":1.0,"accuracy":0.9984756098,"macro avg":0.9983221477,"weighted avg":0.9984858406},"recall":{"glioma":1.0,"meningioma":1.0,"notumor":1.0,"pituitary":0.9933774834,"accuracy":0.9984756098,"macro avg":0.9983443709,"weighted avg":0.9984756098},"f1-score":{"glioma":1.0,"meningioma":0.9966329966,"notumor":1.0,"pituitary":0.9966777409,"accuracy":0.9984756098,"macro avg":0.9983276844,"weighted avg":0.9984756439},"support":{"glioma":149.0,"meningioma":148.0,"notumor":208.0,"pituitary":151.0,"accuracy":0.9984756098,"macro avg":656.0,"weighted avg":656.0}}