{"precision":{"glioma":0.9932885906,"meningioma":0.9371069182,"notumor":1.0,"pituitary":0.9738562092,"accuracy":0.9771341463,"macro avg":0.9760629295,"weighted avg":0.9778187172},"recall":{"glioma":0.9866666667,"meningioma":0.9738562092,"notumor":0.960591133,"pituitary":0.9933333333,"accuracy":0.9771341463,"macro avg":0.9786118355,"weighted avg":0.9771341463},"f1-score":{"glioma":0.9899665552,"meningioma":0.9551282051,"notumor":0.9798994975,"pituitary":0.9834983498,"accuracy":0.9771341463,"macro avg":0.9771231519,"weighted avg":0.9772468737},"support":{"glioma":150.0,"meningioma":153.0,"notumor":203.0,"pituitary":150.0,"accuracy":0.9771341463,"macro avg":656.0,"weighted avg":656.0}}