{
    "tr_acc": [
        0.8548669219017029,
        0.949404776096344,
        0.9609593749046326,
        0.9648109078407288,
        0.9691876769065857,
        0.9719887971878052,
        0.9735644459724426,
        0.9819678068161011,
        0.9852941036224365,
        0.9884454011917114,
        0.9863445162773132,
        0.9938725233078003,
        0.9940476417541504,
        0.9907212853431702,
        0.9945728182792664,
        0.9954481720924377,
        0.9933473467826843,
        0.9982492923736572,
        0.9956232309341431,
        0.9968487620353699,
        0.9956232309341431,
        0.9950980544090271,
        0.9945728182792664,
        0.9982492923736572,
        0.9971988797187805
    ],
    "tr_loss": [
        6.019282817840576,
        2.80432391166687,
        1.381248950958252,
        0.7446167469024658,
        0.45694538950920105,
        0.3463538587093353,
        0.2835046052932739,
        0.22904177010059357,
        0.1971883475780487,
        0.17634864151477814,
        0.17583531141281128,
        0.1541575938463211,
        0.13420291244983673,
        0.13998520374298096,
        0.130570188164711,
        0.11823254823684692,
        0.12026411294937134,
        0.10035784542560577,
        0.10646101087331772,
        0.0995730459690094,
        0.09808278828859329,
        0.10080783069133759,
        0.10540279746055603,
        0.08575642108917236,
        0.09165818989276886
    ],
    "tr_per": [
        0.8720102310180664,
        0.9601293206214905,
        0.9684548377990723,
        0.9731316566467285,
        0.9763723611831665,
        0.9777698516845703,
        0.9776437282562256,
        0.9853253364562988,
        0.9880239367485046,
        0.9908450841903687,
        0.9897724986076355,
        0.9950764775276184,
        0.9952598214149475,
        0.993147075176239,
        0.9961369633674622,
        0.9968387484550476,
        0.9945585131645203,
        0.9989479184150696,
        0.9963170886039734,
        0.997545599937439,
        0.9963183999061584,
        0.9956132769584656,
        0.9952581524848938,
        0.9982483983039856,
        0.9975451231002808
    ],
    "tr_recall": [
        0.8361344337463379,
        0.9359243512153625,
        0.9513305425643921,
        0.957457959651947,
        0.9621848464012146,
        0.96253502368927,
        0.9646358489990234,
        0.975665271282196,
        0.9821428656578064,
        0.9852941036224365,
        0.9826680421829224,
        0.9907212853431702,
        0.9924719929695129,
        0.9894958138465881,
        0.993172287940979,
        0.993697464466095,
        0.9919467568397522,
        0.9973739385604858,
        0.9945728182792664,
        0.9961484670639038,
        0.9949229955673218,
        0.9933473467826843,
        0.9921218752861023,
        0.9977241158485413,
        0.9959734082221985
    ],
    "val_acc": [
        0.30839693546295166,
        0.3129771053791046,
        0.847328245639801,
        0.8839694857597351,
        0.8702290058135986,
        0.9221373796463013,
        0.8977099061012268,
        0.9557251930236816,
        0.8992366194725037,
        0.8030534386634827,
        0.9633587598800659,
        0.9908397197723389,
        0.9847328066825867,
        0.9419847130775452,
        0.989313006401062,
        0.9786259531974792,
        0.9877862334251404,
        0.9923664331436157,
        0.970992386341095,
        0.9847328066825867,
        0.9877862334251404,
        0.9862595200538635,
        0.9862595200538635,
        0.989313006401062,
        0.9618320465087891
    ],
    "val_loss": [
        7.466187953948975,
        3.4540021419525146,
        1.2964398860931396,
        0.7675520777702332,
        0.6004147529602051,
        0.39906230568885803,
        0.4757230579853058,
        0.3031429052352905,
        0.5047450661659241,
        0.6849773526191711,
        0.229365274310112,
        0.129655659198761,
        0.14636936783790588,
        0.2650468051433563,
        0.12001942843198776,
        0.1715787649154663,
        0.1306021362543106,
        0.10912471264600754,
        0.16566318273544312,
        0.11765812337398529,
        0.12073562294244766,
        0.13694004714488983,
        0.1325119435787201,
        0.10593674331903458,
        0.17793779075145721
    ],
    "val_per": [
        0.30839693546295166,
        0.3124042749404907,
        0.9277978539466858,
        0.9113300442695618,
        0.9255499243736267,
        0.9401574730873108,
        0.9117174744606018,
        0.9624413251876831,
        0.904321014881134,
        0.8139904737472534,
        0.9674418568611145,
        0.9908257126808167,
        0.9907407164573669,
        0.9709677696228027,
        0.989313006401062,
        0.9786259531974792,
        0.9877488613128662,
        0.9923664331436157,
        0.9738863110542297,
        0.9847328066825867,
        0.9877675771713257,
        0.9862595200538635,
        0.9877675771713257,
        0.989313006401062,
        0.9918166995048523
    ],
    "val_recall": [
        0.30839693546295166,
        0.31145039200782776,
        0.7847328186035156,
        0.847328245639801,
        0.8351144790649414,
        0.9114503860473633,
        0.8671755790710449,
        0.9389312863349915,
        0.8946564793586731,
        0.7816793918609619,
        0.9526717662811279,
        0.989313006401062,
        0.9801526665687561,
        0.9190839529037476,
        0.989313006401062,
        0.9786259531974792,
        0.9847328066825867,
        0.9923664331436157,
        0.9679389595985413,
        0.9847328066825867,
        0.9862595200538635,
        0.9862595200538635,
        0.9862595200538635,
        0.989313006401062,
        0.9251908659934998
    ],
    "index_loss": 23,
    "val_lowest": 0.10593674331903458,
    "index_acc": 17,
    "acc_highest": 0.9923664331436157,
    "index_precision": 17,
    "per_highest": 0.9923664331436157,
    "index_recall": 17,
    "recall_highest": 0.9923664331436157,
    "Epochs": [
        1,
        2,
        3,
        4,
        5,
        6,
        7,
        8,
        9,
        10,
        11,
        12,
        13,
        14,
        15,
        16,
        17,
        18,
        19,
        20,
        21,
        22,
        23,
        24,
        25
    ],
    "loss_label": "Best epoch = 24",
    "acc_label": "Best epoch = 18",
    "per_label": "Best epoch = 18",
    "recall_label": "Best epoch = 18"
}