{"precision":{"glioma":0.9738562092,"meningioma":0.9801324503,"notumor":0.9950980392,"pituitary":0.9932432432,"accuracy":0.9862804878,"macro avg":0.9855824855,"weighted avg":0.9863263487},"recall":{"glioma":0.9933333333,"meningioma":0.9673202614,"notumor":1.0,"pituitary":0.98,"accuracy":0.9862804878,"macro avg":0.9851633987,"weighted avg":0.9862804878},"f1-score":{"glioma":0.9834983498,"meningioma":0.9736842105,"notumor":0.9975429975,"pituitary":0.9865771812,"accuracy":0.9862804878,"macro avg":0.9853256848,"weighted avg":0.9862595158},"support":{"glioma":150.0,"meningioma":153.0,"notumor":203.0,"pituitary":150.0,"accuracy":0.9862804878,"macro avg":656.0,"weighted avg":656.0}}