{
    "tr_acc": [
        0.5456932783126831,
        0.46656161546707153,
        0.4495798349380493,
        0.45973390340805054,
        0.4593837559223175,
        0.4572829008102417,
        0.4660364091396332,
        0.47373950481414795,
        0.4898459315299988,
        0.6004902124404907,
        0.663165271282196,
        0.8594187498092651,
        0.8751750588417053,
        0.881827712059021,
        0.8853291273117065,
        0.8870798349380493,
        0.8841036558151245,
        0.9014355540275574,
        0.8960084319114685,
        0.8947829008102417
    ],
    "tr_loss": [
        7.537107467651367,
        4.431812286376953,
        3.0038211345672607,
        2.1477489471435547,
        1.6946892738342285,
        1.454578161239624,
        1.3175530433654785,
        1.2389875650405884,
        1.1797163486480713,
        1.0798348188400269,
        1.0058834552764893,
        0.832801878452301,
        0.7239938974380493,
        0.6628051400184631,
        0.6113958358764648,
        0.5860913991928101,
        0.551885724067688,
        0.5007506608963013,
        0.4931158423423767,
        0.47422218322753906
    ],
    "tr_per": [
        0.8422035574913025,
        0.927209734916687,
        0.9198312163352966,
        0.9336065649986267,
        0.9467554092407227,
        0.96782386302948,
        0.985382616519928,
        0.9834162592887878,
        0.9874902367591858,
        0.9740124940872192,
        0.9763033390045166,
        0.9834383130073547,
        0.9866527915000916,
        0.9876619577407837,
        0.9911075234413147,
        0.991472065448761,
        0.9941579103469849,
        0.9962368607521057,
        0.9964086413383484,
        0.9952191114425659
    ],
    "tr_recall": [
        0.15791316330432892,
        0.18732492625713348,
        0.19082632660865784,
        0.1994047611951828,
        0.19922968745231628,
        0.20010504126548767,
        0.20063024759292603,
        0.20763304829597473,
        0.2211134433746338,
        0.3280812203884125,
        0.4327731132507324,
        0.738095223903656,
        0.8282563090324402,
        0.8408613204956055,
        0.8585433959960938,
        0.8548669219017029,
        0.8639705777168274,
        0.880602240562439,
        0.8742997050285339,
        0.8746498823165894
    ],
    "val_acc": [
        0.494656503200531,
        0.5633587837219238,
        0.5648854970932007,
        0.5404580235481262,
        0.5190839767456055,
        0.5358778834342957,
        0.561832070350647,
        0.6137404441833496,
        0.23358778655529022,
        0.23358778655529022,
        0.2473282516002655,
        0.6122137308120728,
        0.6167938709259033,
        0.46412214636802673,
        0.9099236726760864,
        0.8213740587234497,
        0.9450381398200989,
        0.9770992398262024,
        0.970992386341095,
        0.9954198598861694
    ],
    "val_loss": [
        8.02413558959961,
        4.419718265533447,
        2.642086982727051,
        1.8875898122787476,
        1.5163745880126953,
        1.308000087738037,
        1.2034682035446167,
        1.128699541091919,
        1.5981096029281616,
        2.270179510116577,
        1.6928625106811523,
        1.1258238554000854,
        1.7217392921447754,
        1.4220517873764038,
        0.7397865653038025,
        0.903706431388855,
        0.5871335864067078,
        0.4326986074447632,
        0.4784524440765381,
        0.3842925429344177
    ],
    "val_per": [
        0.7090163826942444,
        0.7714285850524902,
        0.7941176295280457,
        0.9473684430122375,
        0.8828828930854797,
        0.9892473220825195,
        0.930232584476471,
        0.9858490824699402,
        0.939393937587738,
        0.23358778655529022,
        0.4760383367538452,
        0.7839195728302002,
        0.7900552749633789,
        0.4871794879436493,
        0.9679487347602844,
        0.9457994699478149,
        0.9666081070899963,
        0.9828392863273621,
        0.9762658476829529,
        0.9984496235847473
    ],
    "val_recall": [
        0.2641221284866333,
        0.28854963183403015,
        0.28854963183403015,
        0.13740457594394684,
        0.2992366552352905,
        0.2809160351753235,
        0.30534350872039795,
        0.31908395886421204,
        0.09465648978948593,
        0.23358778655529022,
        0.2274809181690216,
        0.47633588314056396,
        0.43664121627807617,
        0.2610687017440796,
        0.6916030645370483,
        0.5328244566917419,
        0.8396946787834167,
        0.9618320465087891,
        0.9419847130775452,
        0.9832060933113098
    ],
    "index_loss": 19,
    "val_lowest": 0.3842925429344177,
    "index_acc": 19,
    "acc_highest": 0.9954198598861694,
    "index_precision": 19,
    "per_highest": 0.9984496235847473,
    "index_recall": 19,
    "recall_highest": 0.9832060933113098,
    "Epochs": [
        1,
        2,
        3,
        4,
        5,
        6,
        7,
        8,
        9,
        10,
        11,
        12,
        13,
        14,
        15,
        16,
        17,
        18,
        19,
        20
    ],
    "loss_label": "Best epoch = 20",
    "acc_label": "Best epoch = 20",
    "per_label": "Best epoch = 20",
    "recall_label": "Best epoch = 20"
}