{"precision":{"glioma":1.0,"meningioma":0.9308176101,"notumor":1.0,"pituitary":0.9607843137,"accuracy":0.9740853659,"macro avg":0.9729004809,"weighted avg":0.9748974716},"recall":{"glioma":0.9466666667,"meningioma":0.9673202614,"notumor":0.9950738916,"pituitary":0.98,"accuracy":0.9740853659,"macro avg":0.9722652049,"weighted avg":0.9740853659},"f1-score":{"glioma":0.9726027397,"meningioma":0.9487179487,"notumor":0.9975308642,"pituitary":0.9702970297,"accuracy":0.9740853659,"macro avg":0.9722871456,"weighted avg":0.9742188674},"support":{"glioma":150.0,"meningioma":153.0,"notumor":203.0,"pituitary":150.0,"accuracy":0.9740853659,"macro avg":656.0,"weighted avg":656.0}}