{
    "tr_acc": [
        0.8758753538131714,
        0.9621848464012146,
        0.9739145636558533,
        0.980042040348053,
        0.9828431606292725,
        0.9922969341278076,
        0.9882702827453613,
        0.9929971694946289,
        0.9921218752861023,
        0.9957982897758484,
        0.9940476417541504,
        0.9921218752861023,
        0.9933473467826843,
        0.9950980544090271,
        0.9935224056243896,
        0.9978991746902466,
        0.9982492923736572,
        0.9966736435890198,
        0.9982492923736572,
        0.993697464466095
    ],
    "tr_loss": [
        6.241694927215576,
        2.7552661895751953,
        1.2573219537734985,
        0.6216431260108948,
        0.36992669105529785,
        0.2425062209367752,
        0.21333710849285126,
        0.17755159735679626,
        0.17466427385807037,
        0.13947686553001404,
        0.13773471117019653,
        0.14251990616321564,
        0.13195399940013885,
        0.12644021213054657,
        0.1296609789133072,
        0.1063687801361084,
        0.09987671673297882,
        0.10784988850355148,
        0.09429537504911423,
        0.10693288594484329
    ],
    "tr_per": [
        0.8921926021575928,
        0.968866765499115,
        0.9786407947540283,
        0.9825366139411926,
        0.9853924512863159,
        0.9924561381340027,
        0.9898048639297485,
        0.9938585758209229,
        0.9931507110595703,
        0.9961417317390442,
        0.995087742805481,
        0.9936730861663818,
        0.9947358965873718,
        0.9950903058052063,
        0.9947340488433838,
        0.9982481002807617,
        0.9985979795455933,
        0.9968432188034058,
        0.9982481002807617,
        0.9943898916244507
    ],
    "tr_recall": [
        0.856267511844635,
        0.9534313678741455,
        0.970588207244873,
        0.9751400351524353,
        0.9802170991897583,
        0.9903711676597595,
        0.9858193397521973,
        0.9915966391563416,
        0.9900209903717041,
        0.994397759437561,
        0.9929971694946289,
        0.9898459315299988,
        0.9924719929695129,
        0.9935224056243896,
        0.9921218752861023,
        0.9975489974021912,
        0.9975489974021912,
        0.9950980544090271,
        0.9975489974021912,
        0.9929971694946289
    ],
    "val_acc": [
        0.505343496799469,
        0.5190839767456055,
        0.6610686779022217,
        0.9603053331375122,
        0.9389312863349915,
        0.8702290058135986,
        0.9221373796463013,
        0.9618320465087891,
        0.981679379940033,
        0.9648854732513428,
        0.9618320465087891,
        0.9740458130836487,
        0.9419847130775452,
        0.9358778595924377,
        0.9404579997062683,
        0.9496183395385742,
        0.9465649127960205,
        0.9541984796524048,
        0.9480916261672974,
        0.970992386341095
    ],
    "val_loss": [
        12.787714958190918,
        7.520964622497559,
        2.590182304382324,
        0.5687369108200073,
        0.8175923824310303,
        0.7245968580245972,
        0.4128130376338959,
        0.2806430160999298,
        0.17862987518310547,
        0.2720915377140045,
        0.24407504498958588,
        0.17321214079856873,
        0.2795490622520447,
        0.31171032786369324,
        0.3746822774410248,
        0.25038769841194153,
        0.24615061283111572,
        0.3064156472682953,
        0.3109784722328186,
        0.167450949549675
    ],
    "val_per": [
        0.5174603462219238,
        0.5244094729423523,
        0.6698113083839417,
        0.9690402746200562,
        0.9455676674842834,
        0.874806821346283,
        0.9301242232322693,
        0.9691833853721619,
        0.9831546545028687,
        0.9648854732513428,
        0.963302731513977,
        0.9799692034721375,
        0.9447004795074463,
        0.9399999976158142,
        0.9403669834136963,
        0.9538461565971375,
        0.9478527903556824,
        0.9541984796524048,
        0.9480916261672974,
        0.9738863110542297
    ],
    "val_recall": [
        0.4977099299430847,
        0.5083969235420227,
        0.6503816843032837,
        0.9557251930236816,
        0.9282442927360535,
        0.8641221523284912,
        0.914503812789917,
        0.9603053331375122,
        0.9801526665687561,
        0.9648854732513428,
        0.9618320465087891,
        0.970992386341095,
        0.9389312863349915,
        0.932824432849884,
        0.9389312863349915,
        0.9465649127960205,
        0.943511426448822,
        0.9541984796524048,
        0.9480916261672974,
        0.9679389595985413
    ],
    "index_loss": 19,
    "val_lowest": 0.167450949549675,
    "index_acc": 8,
    "acc_highest": 0.981679379940033,
    "index_precision": 8,
    "per_highest": 0.9831546545028687,
    "index_recall": 8,
    "recall_highest": 0.9801526665687561,
    "Epochs": [
        1,
        2,
        3,
        4,
        5,
        6,
        7,
        8,
        9,
        10,
        11,
        12,
        13,
        14,
        15,
        16,
        17,
        18,
        19,
        20
    ],
    "loss_label": "Best epoch = 20",
    "acc_label": "Best epoch = 9",
    "per_label": "Best epoch = 9",
    "recall_label": "Best epoch = 9"
}