{"precision":{"glioma":0.9310344828,"meningioma":0.722972973,"notumor":0.8938053097,"pituitary":0.8855421687,"accuracy":0.8597560976,"macro avg":0.8583387335,"weighted avg":0.8605851226},"recall":{"glioma":0.72,"meningioma":0.6993464052,"notumor":0.9950738916,"pituitary":0.98,"accuracy":0.8597560976,"macro avg":0.8486050742,"weighted avg":0.8597560976},"f1-score":{"glioma":0.8120300752,"meningioma":0.7109634551,"notumor":0.9417249417,"pituitary":0.9303797468,"accuracy":0.8597560976,"macro avg":0.8487745547,"weighted avg":0.8556540322},"support":{"glioma":150.0,"meningioma":153.0,"notumor":203.0,"pituitary":150.0,"accuracy":0.8597560976,"macro avg":656.0,"weighted avg":656.0}}