{"precision":{"glioma":0.9863013699,"meningioma":0.9554140127,"notumor":1.0,"pituitary":0.9933333333,"accuracy":0.9847560976,"macro avg":0.983762179,"weighted avg":0.9849444351},"recall":{"glioma":0.96,"meningioma":0.9803921569,"notumor":1.0,"pituitary":0.9933333333,"accuracy":0.9847560976,"macro avg":0.9834313725,"weighted avg":0.9847560976},"f1-score":{"glioma":0.972972973,"meningioma":0.9677419355,"notumor":1.0,"pituitary":0.9933333333,"accuracy":0.9847560976,"macro avg":0.9835120604,"weighted avg":0.9847720458},"support":{"glioma":150.0,"meningioma":153.0,"notumor":203.0,"pituitary":150.0,"accuracy":0.9847560976,"macro avg":656.0,"weighted avg":656.0}}