{"precision":{"glioma":0.9929577465,"meningioma":0.9605263158,"notumor":0.9950980392,"pituitary":0.9493670886,"accuracy":0.9756097561,"macro avg":0.9744872975,"weighted avg":0.9760886487},"recall":{"glioma":0.94,"meningioma":0.954248366,"notumor":1.0,"pituitary":1.0,"accuracy":0.9756097561,"macro avg":0.9735620915,"weighted avg":0.9756097561},"f1-score":{"glioma":0.9657534247,"meningioma":0.9573770492,"notumor":0.9975429975,"pituitary":0.974025974,"accuracy":0.9756097561,"macro avg":0.9736748614,"weighted avg":0.9755286994},"support":{"glioma":150.0,"meningioma":153.0,"notumor":203.0,"pituitary":150.0,"accuracy":0.9756097561,"macro avg":656.0,"weighted avg":656.0}}