{"precision":{"glioma":0.6490066225,"meningioma":0.7816091954,"notumor":0.4832535885,"pituitary":0.0,"accuracy":0.5609756098,"macro avg":0.4784673516,"weighted avg":0.4802403639},"recall":{"glioma":0.6533333333,"meningioma":0.4444444444,"notumor":0.9950738916,"pituitary":0.0,"accuracy":0.5609756098,"macro avg":0.5232129174,"weighted avg":0.5609756098},"f1-score":{"glioma":0.6511627907,"meningioma":0.5666666667,"notumor":0.6505636071,"pituitary":0.0,"accuracy":0.5609756098,"macro avg":0.4670982661,"weighted avg":0.4823762665},"support":{"glioma":150.0,"meningioma":153.0,"notumor":203.0,"pituitary":150.0,"accuracy":0.5609756098,"macro avg":656.0,"weighted avg":656.0}}