{
    "tr_acc": [
        0.7142857313156128,
        0.7969187498092651,
        0.868697464466095,
        0.901260495185852,
        0.9233193397521973,
        0.931197464466095,
        0.9378501176834106,
        0.9464285969734192,
        0.9541316628456116,
        0.9565826058387756,
        0.9620097875595093,
        0.9674369692802429,
        0.9642857313156128,
        0.970588207244873,
        0.9667366743087769,
        0.9697129130363464,
        0.9732142686843872,
        0.9735644459724426,
        0.9716386795043945,
        0.9712885022163391
    ],
    "tr_loss": [
        7.21239709854126,
        3.7060627937316895,
        2.218632698059082,
        1.4297529458999634,
        1.0196783542633057,
        0.8062541484832764,
        0.6849808692932129,
        0.6131153106689453,
        0.5518448352813721,
        0.511661946773529,
        0.48326799273490906,
        0.4522439241409302,
        0.44004711508750916,
        0.40828758478164673,
        0.397073358297348,
        0.3792114555835724,
        0.3691762387752533,
        0.3549894690513611,
        0.34392982721328735,
        0.33713003993034363
    ],
    "tr_per": [
        0.8656613826751709,
        0.948767364025116,
        0.9536940455436707,
        0.9636890292167664,
        0.9699693322181702,
        0.9762759208679199,
        0.9820488095283508,
        0.9863277673721313,
        0.9898017048835754,
        0.993966817855835,
        0.9942034482955933,
        0.9962790608406067,
        0.9921889305114746,
        0.9964976906776428,
        0.9972242712974548,
        0.9976023435592651,
        0.9985190629959106,
        0.9981552958488464,
        0.9974302649497986,
        0.9990785121917725
    ],
    "tr_recall": [
        0.2211134433746338,
        0.43119746446609497,
        0.6418067216873169,
        0.7573529481887817,
        0.831232488155365,
        0.8573179244995117,
        0.8811274766921997,
        0.8967086672782898,
        0.917542040348053,
        0.9229691624641418,
        0.9308473467826843,
        0.9375,
        0.9339985847473145,
        0.9464285969734192,
        0.9434523582458496,
        0.9469537734985352,
        0.944327712059021,
        0.9473039507865906,
        0.9513305425643921,
        0.9490545988082886
    ],
    "val_acc": [
        0.30839693546295166,
        0.30839693546295166,
        0.30839693546295166,
        0.30839693546295166,
        0.30839693546295166,
        0.40458014607429504,
        0.323664128780365,
        0.29618319869041443,
        0.33435115218162537,
        0.4687022864818573,
        0.5328244566917419,
        0.6137404441833496,
        0.5923663973808289,
        0.561832070350647,
        0.3664122223854065,
        0.8946564793586731,
        0.7725191116333008,
        0.8687022924423218,
        0.6274809241294861,
        0.590839684009552
    ],
    "val_loss": [
        5.517649173736572,
        3.9616851806640625,
        2.6897614002227783,
        2.320521354675293,
        1.8505868911743164,
        1.583071231842041,
        1.6193283796310425,
        1.896666169166565,
        1.6843018531799316,
        1.5023322105407715,
        1.1961896419525146,
        1.1166640520095825,
        1.2131046056747437,
        1.5297185182571411,
        1.674826979637146,
        0.5118919014930725,
        0.8415096402168274,
        0.5497254729270935,
        1.1119599342346191,
        1.2505608797073364
    ],
    "val_per": [
        0.30839693546295166,
        0.30839693546295166,
        0.30839693546295166,
        0.30839693546295166,
        0.32263243198394775,
        0.9259259104728699,
        0.4289156496524811,
        0.30546075105667114,
        0.3381294906139374,
        0.5009041428565979,
        0.8088235259056091,
        0.6555944085121155,
        0.6572934985160828,
        0.5698234438896179,
        0.3848857581615448,
        0.9462184906005859,
        0.7819905281066895,
        0.8841269612312317,
        0.6828423142433167,
        0.6343693137168884
    ],
    "val_recall": [
        0.30839693546295166,
        0.30839693546295166,
        0.30839693546295166,
        0.30839693546295166,
        0.3068702220916748,
        0.038167938590049744,
        0.27175572514533997,
        0.2732824385166168,
        0.2870228886604309,
        0.4229007661342621,
        0.4198473393917084,
        0.572519063949585,
        0.5709923505783081,
        0.5419847369194031,
        0.33435115218162537,
        0.8595420122146606,
        0.7557252049446106,
        0.8503816723823547,
        0.6015267372131348,
        0.5297709703445435
    ],
    "index_loss": 15,
    "val_lowest": 0.5118919014930725,
    "index_acc": 15,
    "acc_highest": 0.8946564793586731,
    "index_precision": 15,
    "per_highest": 0.9462184906005859,
    "index_recall": 15,
    "recall_highest": 0.8595420122146606,
    "Epochs": [
        1,
        2,
        3,
        4,
        5,
        6,
        7,
        8,
        9,
        10,
        11,
        12,
        13,
        14,
        15,
        16,
        17,
        18,
        19,
        20
    ],
    "loss_label": "Best epoch = 16",
    "acc_label": "Best epoch = 16",
    "per_label": "Best epoch = 16",
    "recall_label": "Best epoch = 16"
}