{"precision":{"glioma":0.9933333333,"meningioma":0.9868421053,"notumor":0.9950980392,"pituitary":0.9933333333,"accuracy":0.9923780488,"macro avg":0.9921517028,"weighted avg":0.9923654635},"recall":{"glioma":0.9933333333,"meningioma":0.9803921569,"notumor":1.0,"pituitary":0.9933333333,"accuracy":0.9923780488,"macro avg":0.9917647059,"weighted avg":0.9923780488},"f1-score":{"glioma":0.9933333333,"meningioma":0.9836065574,"notumor":0.9975429975,"pituitary":0.9933333333,"accuracy":0.9923780488,"macro avg":0.9919540554,"weighted avg":0.9923674265},"support":{"glioma":150.0,"meningioma":153.0,"notumor":203.0,"pituitary":150.0,"accuracy":0.9923780488,"macro avg":656.0,"weighted avg":656.0}}