{"precision":{"glioma":0.9867549669,"meningioma":0.9805194805,"notumor":1.0,"pituitary":1.0,"accuracy":0.9923780488,"macro avg":0.9918186119,"weighted avg":0.9924279353},"recall":{"glioma":0.9933333333,"meningioma":0.9869281046,"notumor":1.0,"pituitary":0.9866666667,"accuracy":0.9923780488,"macro avg":0.9917320261,"weighted avg":0.9923780488},"f1-score":{"glioma":0.9900332226,"meningioma":0.983713355,"notumor":1.0,"pituitary":0.9932885906,"accuracy":0.9923780488,"macro avg":0.9917587921,"weighted avg":0.9923878282},"support":{"glioma":150.0,"meningioma":153.0,"notumor":203.0,"pituitary":150.0,"accuracy":0.9923780488,"macro avg":656.0,"weighted avg":656.0}}