{
    "tr_acc": [
        0.8870798349380493,
        0.973739504814148,
        0.9851190447807312,
        0.9894958138465881,
        0.9889705777168274,
        0.994397759437561,
        0.9894958138465881,
        0.9942227005958557,
        0.9950980544090271,
        0.9957982897758484,
        0.9975489974021912,
        0.9975489974021912,
        0.998774528503418,
        0.9984243512153625,
        0.9978991746902466,
        0.9954481720924377,
        0.9978991746902466,
        0.9971988797187805,
        0.9985994100570679,
        0.9998249411582947
    ],
    "tr_loss": [
        5.52414608001709,
        2.380976438522339,
        1.0895073413848877,
        0.5256022810935974,
        0.314590722322464,
        0.20743468403816223,
        0.18964584171772003,
        0.15352964401245117,
        0.13837949931621552,
        0.1318892538547516,
        0.11590229719877243,
        0.11074665933847427,
        0.09898573905229568,
        0.09764527529478073,
        0.09698279201984406,
        0.10499700903892517,
        0.09034803509712219,
        0.08737139403820038,
        0.08139511197805405,
        0.07498680800199509
    ],
    "tr_per": [
        0.9034018516540527,
        0.9799253940582275,
        0.9876651763916016,
        0.9925912618637085,
        0.9908466935157776,
        0.9956109523773193,
        0.9917384386062622,
        0.9956117272377014,
        0.9957894682884216,
        0.9966643452644348,
        0.9978976845741272,
        0.9980711936950684,
        0.9989486336708069,
        0.9989480972290039,
        0.998772382736206,
        0.9966660737991333,
        0.9980732202529907,
        0.9978961944580078,
        0.9991238713264465,
        0.9998248815536499
    ],
    "tr_recall": [
        0.869397759437561,
        0.9656862616539001,
        0.981267511844635,
        0.9851190447807312,
        0.9854691624641418,
        0.9928221106529236,
        0.9877451062202454,
        0.9929971694946289,
        0.993697464466095,
        0.9938725233078003,
        0.9971988797187805,
        0.9964985847473145,
        0.9980742335319519,
        0.9975489974021912,
        0.9970238208770752,
        0.994397759437561,
        0.9975489974021912,
        0.9964985847473145,
        0.9982492923736572,
        0.9994747638702393
    ],
    "val_acc": [
        0.8519083857536316,
        0.970992386341095,
        0.9740458130836487,
        0.9877862334251404,
        0.9862595200538635,
        0.9770992398262024,
        0.9801526665687561,
        0.9801526665687561,
        0.9664121866226196,
        0.9938931465148926,
        0.9801526665687561,
        0.9969465732574463,
        0.9954198598861694,
        0.9847328066825867,
        0.989313006401062,
        0.9938931465148926,
        0.9938931465148926,
        0.9862595200538635,
        0.9984732866287231,
        0.9938931465148926
    ],
    "val_loss": [
        3.605912208557129,
        1.564990758895874,
        0.7239646911621094,
        0.39438173174858093,
        0.24940338730812073,
        0.20640701055526733,
        0.20868225395679474,
        0.18080353736877441,
        0.20674215257167816,
        0.11937262862920761,
        0.1626875251531601,
        0.09873825311660767,
        0.10281932353973389,
        0.13606902956962585,
        0.1071118637919426,
        0.0945098027586937,
        0.08692730963230133,
        0.1268642097711563,
        0.08129420131444931,
        0.07195807248353958
    ],
    "val_per": [
        0.8809917569160461,
        0.9754601120948792,
        0.9800307154655457,
        0.9877111911773682,
        0.9892638325691223,
        0.9800918698310852,
        0.9801526665687561,
        0.9801526665687561,
        0.9676923155784607,
        0.9969325065612793,
        0.9815950989723206,
        0.9969419240951538,
        0.9954198598861694,
        0.9862174391746521,
        0.9907975196838379,
        0.9938837885856628,
        0.9954128265380859,
        0.9877675771713257,
        0.9984732866287231,
        0.9954128265380859
    ],
    "val_recall": [
        0.8137404322624207,
        0.970992386341095,
        0.9740458130836487,
        0.981679379940033,
        0.9847328066825867,
        0.9770992398262024,
        0.9801526665687561,
        0.9801526665687561,
        0.9603053331375122,
        0.9923664331436157,
        0.9770992398262024,
        0.9954198598861694,
        0.9954198598861694,
        0.9832060933113098,
        0.9862595200538635,
        0.9923664331436157,
        0.9938931465148926,
        0.9862595200538635,
        0.9984732866287231,
        0.9938931465148926
    ],
    "index_loss": 19,
    "val_lowest": 0.07195807248353958,
    "index_acc": 18,
    "acc_highest": 0.9984732866287231,
    "index_precision": 18,
    "per_highest": 0.9984732866287231,
    "index_recall": 18,
    "recall_highest": 0.9984732866287231,
    "Epochs": [
        1,
        2,
        3,
        4,
        5,
        6,
        7,
        8,
        9,
        10,
        11,
        12,
        13,
        14,
        15,
        16,
        17,
        18,
        19,
        20
    ],
    "loss_label": "Best epoch = 20",
    "acc_label": "Best epoch = 19",
    "per_label": "Best epoch = 19",
    "recall_label": "Best epoch = 19"
}